Rucio client intialized for account charlesf
Rucio client intialized for account charlesf
=== Files from job 1:
1) PFN: root://cms-xrd-global.cern.ch//store/user/charlesf/ParkingDoubleMuonLowMass4/crab_muMuGamma_24Jul26_ParkingDoubleMuonLowMass4Run2025C-PromptReco-v2/260727_192153/0000/mmgTree_1.root
   LFN: /store/user/charlesf/ParkingDoubleMuonLowMass4/crab_muMuGamma_24Jul26_ParkingDoubleMuonLowMass4Run2025C-PromptReco-v2/260727_192153/0000/mmgTree_1.root
=== Files from job 1-1:
1) PFN: root://cms-xrd-global.cern.ch//store/user/charlesf/ParkingDoubleMuonLowMass4/crab_muMuGamma_24Jul26_ParkingDoubleMuonLowMass4Run2025C-PromptReco-v2/260727_192153/0000/mmgTree_1-1.root
   LFN: /store/user/charlesf/ParkingDoubleMuonLowMass4/crab_muMuGamma_24Jul26_ParkingDoubleMuonLowMass4Run2025C-PromptReco-v2/260727_192153/0000/mmgTree_1-1.root
=== Files from job 1-10:
1) PFN: root://cms-xrd-global.cern.ch//store/user/charlesf/ParkingDoubleMuonLowMass4/crab_muMuGamma_24Jul26_ParkingDoubleMuonLowMass4Run2025C-PromptReco-v2/260727_192153/0000/mmgTree_1-10.root
   LFN: /store/user/charlesf/ParkingDoubleMuonLowMass4/crab_muMuGamma_24Jul26_ParkingDoubleMuonLowMass4Run2025C-PromptReco-v2/260727_192153/0000/mmgTree_1-10.root
=== Files from job 1-11:
1) PFN: root://cms-xrd-global.cern.ch//store/user/charlesf/ParkingDoubleMuonLowMass4/crab_muMuGamma_24Jul26_ParkingDoubleMuonLowMass4Run2025C-PromptReco-v2/260727_192153/0000/mmgTree_1-11.root
   LFN: /store/user/charlesf/ParkingDoubleMuonLowMass4/crab_muMuGamma_24Jul26_ParkingDoubleMuonLowMass4Run2025C-PromptReco-v2/260727_192153/0000/mmgTree_1-11.root
=== Files from job 1-12:
1) PFN: root://cms-xrd-global.cern.ch//store/user/charlesf/ParkingDoubleMuonLowMass4/crab_muMuGamma_24Jul26_ParkingDoubleMuonLowMass4Run2025C-PromptReco-v2/260727_192153/0000/mmgTree_1-12.root
   LFN: /store/user/charlesf/ParkingDoubleMuonLowMass4/crab_muMuGamma_24Jul26_ParkingDoubleMuonLowMass4Run2025C-PromptReco-v2/260727_192153/0000/mmgTree_1-12.root
=== Files from job 1-13:
1) PFN: root://cms-xrd-global.cern.ch//store/user/charlesf/ParkingDoubleMuonLowMass4/crab_muMuGamma_24Jul26_ParkingDoubleMuonLowMass4Run2025C-PromptReco-v2/260727_192153/0000/mmgTree_1-13.root
   LFN: /store/user/charlesf/ParkingDoubleMuonLowMass4/crab_muMuGamma_24Jul26_ParkingDoubleMuonLowMass4Run2025C-PromptReco-v2/260727_192153/0000/mmgTree_1-13.root
=== Files from job 1-14:
1) PFN: root://cms-xrd-global.cern.ch//store/user/charlesf/ParkingDoubleMuonLowMass4/crab_muMuGamma_24Jul26_ParkingDoubleMuonLowMass4Run2025C-PromptReco-v2/260727_192153/0000/mmgTree_1-14.root
   LFN: /store/user/charlesf/ParkingDoubleMuonLowMass4/crab_muMuGamma_24Jul26_ParkingDoubleMuonLowMass4Run2025C-PromptReco-v2/260727_192153/0000/mmgTree_1-14.root
=== Files from job 1-15:
1) PFN: root://cms-xrd-global.cern.ch//store/user/charlesf/ParkingDoubleMuonLowMass4/crab_muMuGamma_24Jul26_ParkingDoubleMuonLowMass4Run2025C-PromptReco-v2/260727_192153/0000/mmgTree_1-15.root
   LFN: /store/user/charlesf/ParkingDoubleMuonLowMass4/crab_muMuGamma_24Jul26_ParkingDoubleMuonLowMass4Run2025C-PromptReco-v2/260727_192153/0000/mmgTree_1-15.root
=== Files from job 1-16:
1) PFN: root://cms-xrd-global.cern.ch//store/user/charlesf/ParkingDoubleMuonLowMass4/crab_muMuGamma_24Jul26_ParkingDoubleMuonLowMass4Run2025C-PromptReco-v2/260727_192153/0000/mmgTree_1-16.root
   LFN: /store/user/charlesf/ParkingDoubleMuonLowMass4/crab_muMuGamma_24Jul26_ParkingDoubleMuonLowMass4Run2025C-PromptReco-v2/260727_192153/0000/mmgTree_1-16.root
=== Files from job 1-17:
1) PFN: root://cms-xrd-global.cern.ch//store/user/charlesf/ParkingDoubleMuonLowMass4/crab_muMuGamma_24Jul26_ParkingDoubleMuonLowMass4Run2025C-PromptReco-v2/260727_192153/0000/mmgTree_1-17.root
   LFN: /store/user/charlesf/ParkingDoubleMuonLowMass4/crab_muMuGamma_24Jul26_ParkingDoubleMuonLowMass4Run2025C-PromptReco-v2/260727_192153/0000/mmgTree_1-17.root
=== Files from job 1-18:
1) PFN: root://cms-xrd-global.cern.ch//store/user/charlesf/ParkingDoubleMuonLowMass4/crab_muMuGamma_24Jul26_ParkingDoubleMuonLowMass4Run2025C-PromptReco-v2/260727_192153/0000/mmgTree_1-18.root
   LFN: /store/user/charlesf/ParkingDoubleMuonLowMass4/crab_muMuGamma_24Jul26_ParkingDoubleMuonLowMass4Run2025C-PromptReco-v2/260727_192153/0000/mmgTree_1-18.root
=== Files from job 1-19:
1) PFN: root://cms-xrd-global.cern.ch//store/user/charlesf/ParkingDoubleMuonLowMass4/crab_muMuGamma_24Jul26_ParkingDoubleMuonLowMass4Run2025C-PromptReco-v2/260727_192153/0000/mmgTree_1-19.root
   LFN: /store/user/charlesf/ParkingDoubleMuonLowMass4/crab_muMuGamma_24Jul26_ParkingDoubleMuonLowMass4Run2025C-PromptReco-v2/260727_192153/0000/mmgTree_1-19.root
=== Files from job 1-2:
1) PFN: root://cms-xrd-global.cern.ch//store/user/charlesf/ParkingDoubleMuonLowMass4/crab_muMuGamma_24Jul26_ParkingDoubleMuonLowMass4Run2025C-PromptReco-v2/260727_192153/0000/mmgTree_1-2.root
   LFN: /store/user/charlesf/ParkingDoubleMuonLowMass4/crab_muMuGamma_24Jul26_ParkingDoubleMuonLowMass4Run2025C-PromptReco-v2/260727_192153/0000/mmgTree_1-2.root
=== Files from job 1-20:
1) PFN: root://cms-xrd-global.cern.ch//store/user/charlesf/ParkingDoubleMuonLowMass4/crab_muMuGamma_24Jul26_ParkingDoubleMuonLowMass4Run2025C-PromptReco-v2/260727_192153/0000/mmgTree_1-20.root
   LFN: /store/user/charlesf/ParkingDoubleMuonLowMass4/crab_muMuGamma_24Jul26_ParkingDoubleMuonLowMass4Run2025C-PromptReco-v2/260727_192153/0000/mmgTree_1-20.root
=== Files from job 1-21:
1) PFN: root://cms-xrd-global.cern.ch//store/user/charlesf/ParkingDoubleMuonLowMass4/crab_muMuGamma_24Jul26_ParkingDoubleMuonLowMass4Run2025C-PromptReco-v2/260727_192153/0000/mmgTree_1-21.root
   LFN: /store/user/charlesf/ParkingDoubleMuonLowMass4/crab_muMuGamma_24Jul26_ParkingDoubleMuonLowMass4Run2025C-PromptReco-v2/260727_192153/0000/mmgTree_1-21.root
=== Files from job 1-22:
1) PFN: root://cms-xrd-global.cern.ch//store/user/charlesf/ParkingDoubleMuonLowMass4/crab_muMuGamma_24Jul26_ParkingDoubleMuonLowMass4Run2025C-PromptReco-v2/260727_192153/0000/mmgTree_1-22.root
   LFN: /store/user/charlesf/ParkingDoubleMuonLowMass4/crab_muMuGamma_24Jul26_ParkingDoubleMuonLowMass4Run2025C-PromptReco-v2/260727_192153/0000/mmgTree_1-22.root
=== Files from job 1-23:
1) PFN: root://cms-xrd-global.cern.ch//store/user/charlesf/ParkingDoubleMuonLowMass4/crab_muMuGamma_24Jul26_ParkingDoubleMuonLowMass4Run2025C-PromptReco-v2/260727_192153/0000/mmgTree_1-23.root
   LFN: /store/user/charlesf/ParkingDoubleMuonLowMass4/crab_muMuGamma_24Jul26_ParkingDoubleMuonLowMass4Run2025C-PromptReco-v2/260727_192153/0000/mmgTree_1-23.root
=== Files from job 1-24:
1) PFN: root://cms-xrd-global.cern.ch//store/user/charlesf/ParkingDoubleMuonLowMass4/crab_muMuGamma_24Jul26_ParkingDoubleMuonLowMass4Run2025C-PromptReco-v2/260727_192153/0000/mmgTree_1-24.root
   LFN: /store/user/charlesf/ParkingDoubleMuonLowMass4/crab_muMuGamma_24Jul26_ParkingDoubleMuonLowMass4Run2025C-PromptReco-v2/260727_192153/0000/mmgTree_1-24.root
=== Files from job 1-25:
1) PFN: root://cms-xrd-global.cern.ch//store/user/charlesf/ParkingDoubleMuonLowMass4/crab_muMuGamma_24Jul26_ParkingDoubleMuonLowMass4Run2025C-PromptReco-v2/260727_192153/0000/mmgTree_1-25.root
   LFN: /store/user/charlesf/ParkingDoubleMuonLowMass4/crab_muMuGamma_24Jul26_ParkingDoubleMuonLowMass4Run2025C-PromptReco-v2/260727_192153/0000/mmgTree_1-25.root
=== Files from job 1-26:
1) PFN: root://cms-xrd-global.cern.ch//store/user/charlesf/ParkingDoubleMuonLowMass4/crab_muMuGamma_24Jul26_ParkingDoubleMuonLowMass4Run2025C-PromptReco-v2/260727_192153/0000/mmgTree_1-26.root
   LFN: /store/user/charlesf/ParkingDoubleMuonLowMass4/crab_muMuGamma_24Jul26_ParkingDoubleMuonLowMass4Run2025C-PromptReco-v2/260727_192153/0000/mmgTree_1-26.root
=== Files from job 1-27:
1) PFN: root://cms-xrd-global.cern.ch//store/user/charlesf/ParkingDoubleMuonLowMass4/crab_muMuGamma_24Jul26_ParkingDoubleMuonLowMass4Run2025C-PromptReco-v2/260727_192153/0000/mmgTree_1-27.root
   LFN: /store/user/charlesf/ParkingDoubleMuonLowMass4/crab_muMuGamma_24Jul26_ParkingDoubleMuonLowMass4Run2025C-PromptReco-v2/260727_192153/0000/mmgTree_1-27.root
=== Files from job 1-28:
1) PFN: root://cms-xrd-global.cern.ch//store/user/charlesf/ParkingDoubleMuonLowMass4/crab_muMuGamma_24Jul26_ParkingDoubleMuonLowMass4Run2025C-PromptReco-v2/260727_192153/0000/mmgTree_1-28.root
   LFN: /store/user/charlesf/ParkingDoubleMuonLowMass4/crab_muMuGamma_24Jul26_ParkingDoubleMuonLowMass4Run2025C-PromptReco-v2/260727_192153/0000/mmgTree_1-28.root
=== Files from job 1-29:
1) PFN: root://cms-xrd-global.cern.ch//store/user/charlesf/ParkingDoubleMuonLowMass4/crab_muMuGamma_24Jul26_ParkingDoubleMuonLowMass4Run2025C-PromptReco-v2/260727_192153/0000/mmgTree_1-29.root
   LFN: /store/user/charlesf/ParkingDoubleMuonLowMass4/crab_muMuGamma_24Jul26_ParkingDoubleMuonLowMass4Run2025C-PromptReco-v2/260727_192153/0000/mmgTree_1-29.root
=== Files from job 1-3:
1) PFN: root://cms-xrd-global.cern.ch//store/user/charlesf/ParkingDoubleMuonLowMass4/crab_muMuGamma_24Jul26_ParkingDoubleMuonLowMass4Run2025C-PromptReco-v2/260727_192153/0000/mmgTree_1-3.root
   LFN: /store/user/charlesf/ParkingDoubleMuonLowMass4/crab_muMuGamma_24Jul26_ParkingDoubleMuonLowMass4Run2025C-PromptReco-v2/260727_192153/0000/mmgTree_1-3.root
=== Files from job 1-30:
1) PFN: root://cms-xrd-global.cern.ch//store/user/charlesf/ParkingDoubleMuonLowMass4/crab_muMuGamma_24Jul26_ParkingDoubleMuonLowMass4Run2025C-PromptReco-v2/260727_192153/0000/mmgTree_1-30.root
   LFN: /store/user/charlesf/ParkingDoubleMuonLowMass4/crab_muMuGamma_24Jul26_ParkingDoubleMuonLowMass4Run2025C-PromptReco-v2/260727_192153/0000/mmgTree_1-30.root
=== Files from job 1-31:
1) PFN: root://cms-xrd-global.cern.ch//store/user/charlesf/ParkingDoubleMuonLowMass4/crab_muMuGamma_24Jul26_ParkingDoubleMuonLowMass4Run2025C-PromptReco-v2/260727_192153/0000/mmgTree_1-31.root
   LFN: /store/user/charlesf/ParkingDoubleMuonLowMass4/crab_muMuGamma_24Jul26_ParkingDoubleMuonLowMass4Run2025C-PromptReco-v2/260727_192153/0000/mmgTree_1-31.root
=== Files from job 1-32:
1) PFN: root://cms-xrd-global.cern.ch//store/user/charlesf/ParkingDoubleMuonLowMass4/crab_muMuGamma_24Jul26_ParkingDoubleMuonLowMass4Run2025C-PromptReco-v2/260727_192153/0000/mmgTree_1-32.root
   LFN: /store/user/charlesf/ParkingDoubleMuonLowMass4/crab_muMuGamma_24Jul26_ParkingDoubleMuonLowMass4Run2025C-PromptReco-v2/260727_192153/0000/mmgTree_1-32.root
=== Files from job 1-33:
1) PFN: root://cms-xrd-global.cern.ch//store/user/charlesf/ParkingDoubleMuonLowMass4/crab_muMuGamma_24Jul26_ParkingDoubleMuonLowMass4Run2025C-PromptReco-v2/260727_192153/0000/mmgTree_1-33.root
   LFN: /store/user/charlesf/ParkingDoubleMuonLowMass4/crab_muMuGamma_24Jul26_ParkingDoubleMuonLowMass4Run2025C-PromptReco-v2/260727_192153/0000/mmgTree_1-33.root
=== Files from job 1-34:
1) PFN: root://cms-xrd-global.cern.ch//store/user/charlesf/ParkingDoubleMuonLowMass4/crab_muMuGamma_24Jul26_ParkingDoubleMuonLowMass4Run2025C-PromptReco-v2/260727_192153/0000/mmgTree_1-34.root
   LFN: /store/user/charlesf/ParkingDoubleMuonLowMass4/crab_muMuGamma_24Jul26_ParkingDoubleMuonLowMass4Run2025C-PromptReco-v2/260727_192153/0000/mmgTree_1-34.root
=== Files from job 1-35:
1) PFN: root://cms-xrd-global.cern.ch//store/user/charlesf/ParkingDoubleMuonLowMass4/crab_muMuGamma_24Jul26_ParkingDoubleMuonLowMass4Run2025C-PromptReco-v2/260727_192153/0000/mmgTree_1-35.root
   LFN: /store/user/charlesf/ParkingDoubleMuonLowMass4/crab_muMuGamma_24Jul26_ParkingDoubleMuonLowMass4Run2025C-PromptReco-v2/260727_192153/0000/mmgTree_1-35.root
=== Files from job 1-36:
1) PFN: root://cms-xrd-global.cern.ch//store/user/charlesf/ParkingDoubleMuonLowMass4/crab_muMuGamma_24Jul26_ParkingDoubleMuonLowMass4Run2025C-PromptReco-v2/260727_192153/0000/mmgTree_1-36.root
   LFN: /store/user/charlesf/ParkingDoubleMuonLowMass4/crab_muMuGamma_24Jul26_ParkingDoubleMuonLowMass4Run2025C-PromptReco-v2/260727_192153/0000/mmgTree_1-36.root
=== Files from job 1-37:
1) PFN: root://cms-xrd-global.cern.ch//store/user/charlesf/ParkingDoubleMuonLowMass4/crab_muMuGamma_24Jul26_ParkingDoubleMuonLowMass4Run2025C-PromptReco-v2/260727_192153/0000/mmgTree_1-37.root
   LFN: /store/user/charlesf/ParkingDoubleMuonLowMass4/crab_muMuGamma_24Jul26_ParkingDoubleMuonLowMass4Run2025C-PromptReco-v2/260727_192153/0000/mmgTree_1-37.root
=== Files from job 1-38:
1) PFN: root://cms-xrd-global.cern.ch//store/user/charlesf/ParkingDoubleMuonLowMass4/crab_muMuGamma_24Jul26_ParkingDoubleMuonLowMass4Run2025C-PromptReco-v2/260727_192153/0000/mmgTree_1-38.root
   LFN: /store/user/charlesf/ParkingDoubleMuonLowMass4/crab_muMuGamma_24Jul26_ParkingDoubleMuonLowMass4Run2025C-PromptReco-v2/260727_192153/0000/mmgTree_1-38.root
=== Files from job 1-39:
1) PFN: root://cms-xrd-global.cern.ch//store/user/charlesf/ParkingDoubleMuonLowMass4/crab_muMuGamma_24Jul26_ParkingDoubleMuonLowMass4Run2025C-PromptReco-v2/260727_192153/0000/mmgTree_1-39.root
   LFN: /store/user/charlesf/ParkingDoubleMuonLowMass4/crab_muMuGamma_24Jul26_ParkingDoubleMuonLowMass4Run2025C-PromptReco-v2/260727_192153/0000/mmgTree_1-39.root
=== Files from job 1-4:
1) PFN: root://cms-xrd-global.cern.ch//store/user/charlesf/ParkingDoubleMuonLowMass4/crab_muMuGamma_24Jul26_ParkingDoubleMuonLowMass4Run2025C-PromptReco-v2/260727_192153/0000/mmgTree_1-4.root
   LFN: /store/user/charlesf/ParkingDoubleMuonLowMass4/crab_muMuGamma_24Jul26_ParkingDoubleMuonLowMass4Run2025C-PromptReco-v2/260727_192153/0000/mmgTree_1-4.root
=== Files from job 1-40:
1) PFN: root://cms-xrd-global.cern.ch//store/user/charlesf/ParkingDoubleMuonLowMass4/crab_muMuGamma_24Jul26_ParkingDoubleMuonLowMass4Run2025C-PromptReco-v2/260727_192153/0000/mmgTree_1-40.root
   LFN: /store/user/charlesf/ParkingDoubleMuonLowMass4/crab_muMuGamma_24Jul26_ParkingDoubleMuonLowMass4Run2025C-PromptReco-v2/260727_192153/0000/mmgTree_1-40.root
=== Files from job 1-41:
1) PFN: root://cms-xrd-global.cern.ch//store/user/charlesf/ParkingDoubleMuonLowMass4/crab_muMuGamma_24Jul26_ParkingDoubleMuonLowMass4Run2025C-PromptReco-v2/260727_192153/0000/mmgTree_1-41.root
   LFN: /store/user/charlesf/ParkingDoubleMuonLowMass4/crab_muMuGamma_24Jul26_ParkingDoubleMuonLowMass4Run2025C-PromptReco-v2/260727_192153/0000/mmgTree_1-41.root
=== Files from job 1-42:
1) PFN: root://cms-xrd-global.cern.ch//store/user/charlesf/ParkingDoubleMuonLowMass4/crab_muMuGamma_24Jul26_ParkingDoubleMuonLowMass4Run2025C-PromptReco-v2/260727_192153/0000/mmgTree_1-42.root
   LFN: /store/user/charlesf/ParkingDoubleMuonLowMass4/crab_muMuGamma_24Jul26_ParkingDoubleMuonLowMass4Run2025C-PromptReco-v2/260727_192153/0000/mmgTree_1-42.root
=== Files from job 1-43:
1) PFN: root://cms-xrd-global.cern.ch//store/user/charlesf/ParkingDoubleMuonLowMass4/crab_muMuGamma_24Jul26_ParkingDoubleMuonLowMass4Run2025C-PromptReco-v2/260727_192153/0000/mmgTree_1-43.root
   LFN: /store/user/charlesf/ParkingDoubleMuonLowMass4/crab_muMuGamma_24Jul26_ParkingDoubleMuonLowMass4Run2025C-PromptReco-v2/260727_192153/0000/mmgTree_1-43.root
=== Files from job 1-44:
1) PFN: root://cms-xrd-global.cern.ch//store/user/charlesf/ParkingDoubleMuonLowMass4/crab_muMuGamma_24Jul26_ParkingDoubleMuonLowMass4Run2025C-PromptReco-v2/260727_192153/0000/mmgTree_1-44.root
   LFN: /store/user/charlesf/ParkingDoubleMuonLowMass4/crab_muMuGamma_24Jul26_ParkingDoubleMuonLowMass4Run2025C-PromptReco-v2/260727_192153/0000/mmgTree_1-44.root
=== Files from job 1-45:
1) PFN: root://cms-xrd-global.cern.ch//store/user/charlesf/ParkingDoubleMuonLowMass4/crab_muMuGamma_24Jul26_ParkingDoubleMuonLowMass4Run2025C-PromptReco-v2/260727_192153/0000/mmgTree_1-45.root
   LFN: /store/user/charlesf/ParkingDoubleMuonLowMass4/crab_muMuGamma_24Jul26_ParkingDoubleMuonLowMass4Run2025C-PromptReco-v2/260727_192153/0000/mmgTree_1-45.root
=== Files from job 1-46:
1) PFN: root://cms-xrd-global.cern.ch//store/user/charlesf/ParkingDoubleMuonLowMass4/crab_muMuGamma_24Jul26_ParkingDoubleMuonLowMass4Run2025C-PromptReco-v2/260727_192153/0000/mmgTree_1-46.root
   LFN: /store/user/charlesf/ParkingDoubleMuonLowMass4/crab_muMuGamma_24Jul26_ParkingDoubleMuonLowMass4Run2025C-PromptReco-v2/260727_192153/0000/mmgTree_1-46.root
=== Files from job 1-47:
1) PFN: root://cms-xrd-global.cern.ch//store/user/charlesf/ParkingDoubleMuonLowMass4/crab_muMuGamma_24Jul26_ParkingDoubleMuonLowMass4Run2025C-PromptReco-v2/260727_192153/0000/mmgTree_1-47.root
   LFN: /store/user/charlesf/ParkingDoubleMuonLowMass4/crab_muMuGamma_24Jul26_ParkingDoubleMuonLowMass4Run2025C-PromptReco-v2/260727_192153/0000/mmgTree_1-47.root
=== Files from job 1-48:
1) PFN: root://cms-xrd-global.cern.ch//store/user/charlesf/ParkingDoubleMuonLowMass4/crab_muMuGamma_24Jul26_ParkingDoubleMuonLowMass4Run2025C-PromptReco-v2/260727_192153/0000/mmgTree_1-48.root
   LFN: /store/user/charlesf/ParkingDoubleMuonLowMass4/crab_muMuGamma_24Jul26_ParkingDoubleMuonLowMass4Run2025C-PromptReco-v2/260727_192153/0000/mmgTree_1-48.root
=== Files from job 1-49:
1) PFN: root://cms-xrd-global.cern.ch//store/user/charlesf/ParkingDoubleMuonLowMass4/crab_muMuGamma_24Jul26_ParkingDoubleMuonLowMass4Run2025C-PromptReco-v2/260727_192153/0000/mmgTree_1-49.root
   LFN: /store/user/charlesf/ParkingDoubleMuonLowMass4/crab_muMuGamma_24Jul26_ParkingDoubleMuonLowMass4Run2025C-PromptReco-v2/260727_192153/0000/mmgTree_1-49.root
=== Files from job 1-5:
1) PFN: root://cms-xrd-global.cern.ch//store/user/charlesf/ParkingDoubleMuonLowMass4/crab_muMuGamma_24Jul26_ParkingDoubleMuonLowMass4Run2025C-PromptReco-v2/260727_192153/0000/mmgTree_1-5.root
   LFN: /store/user/charlesf/ParkingDoubleMuonLowMass4/crab_muMuGamma_24Jul26_ParkingDoubleMuonLowMass4Run2025C-PromptReco-v2/260727_192153/0000/mmgTree_1-5.root
=== Files from job 1-50:
1) PFN: root://cms-xrd-global.cern.ch//store/user/charlesf/ParkingDoubleMuonLowMass4/crab_muMuGamma_24Jul26_ParkingDoubleMuonLowMass4Run2025C-PromptReco-v2/260727_192153/0000/mmgTree_1-50.root
   LFN: /store/user/charlesf/ParkingDoubleMuonLowMass4/crab_muMuGamma_24Jul26_ParkingDoubleMuonLowMass4Run2025C-PromptReco-v2/260727_192153/0000/mmgTree_1-50.root
=== Files from job 1-51:
1) PFN: root://cms-xrd-global.cern.ch//store/user/charlesf/ParkingDoubleMuonLowMass4/crab_muMuGamma_24Jul26_ParkingDoubleMuonLowMass4Run2025C-PromptReco-v2/260727_192153/0000/mmgTree_1-51.root
   LFN: /store/user/charlesf/ParkingDoubleMuonLowMass4/crab_muMuGamma_24Jul26_ParkingDoubleMuonLowMass4Run2025C-PromptReco-v2/260727_192153/0000/mmgTree_1-51.root
=== Files from job 1-52:
1) PFN: root://cms-xrd-global.cern.ch//store/user/charlesf/ParkingDoubleMuonLowMass4/crab_muMuGamma_24Jul26_ParkingDoubleMuonLowMass4Run2025C-PromptReco-v2/260727_192153/0000/mmgTree_1-52.root
   LFN: /store/user/charlesf/ParkingDoubleMuonLowMass4/crab_muMuGamma_24Jul26_ParkingDoubleMuonLowMass4Run2025C-PromptReco-v2/260727_192153/0000/mmgTree_1-52.root
=== Files from job 1-53:
1) PFN: root://cms-xrd-global.cern.ch//store/user/charlesf/ParkingDoubleMuonLowMass4/crab_muMuGamma_24Jul26_ParkingDoubleMuonLowMass4Run2025C-PromptReco-v2/260727_192153/0000/mmgTree_1-53.root
   LFN: /store/user/charlesf/ParkingDoubleMuonLowMass4/crab_muMuGamma_24Jul26_ParkingDoubleMuonLowMass4Run2025C-PromptReco-v2/260727_192153/0000/mmgTree_1-53.root
=== Files from job 1-54:
1) PFN: root://cms-xrd-global.cern.ch//store/user/charlesf/ParkingDoubleMuonLowMass4/crab_muMuGamma_24Jul26_ParkingDoubleMuonLowMass4Run2025C-PromptReco-v2/260727_192153/0000/mmgTree_1-54.root
   LFN: /store/user/charlesf/ParkingDoubleMuonLowMass4/crab_muMuGamma_24Jul26_ParkingDoubleMuonLowMass4Run2025C-PromptReco-v2/260727_192153/0000/mmgTree_1-54.root
=== Files from job 1-55:
1) PFN: root://cms-xrd-global.cern.ch//store/user/charlesf/ParkingDoubleMuonLowMass4/crab_muMuGamma_24Jul26_ParkingDoubleMuonLowMass4Run2025C-PromptReco-v2/260727_192153/0000/mmgTree_1-55.root
   LFN: /store/user/charlesf/ParkingDoubleMuonLowMass4/crab_muMuGamma_24Jul26_ParkingDoubleMuonLowMass4Run2025C-PromptReco-v2/260727_192153/0000/mmgTree_1-55.root
=== Files from job 1-56:
1) PFN: root://cms-xrd-global.cern.ch//store/user/charlesf/ParkingDoubleMuonLowMass4/crab_muMuGamma_24Jul26_ParkingDoubleMuonLowMass4Run2025C-PromptReco-v2/260727_192153/0000/mmgTree_1-56.root
   LFN: /store/user/charlesf/ParkingDoubleMuonLowMass4/crab_muMuGamma_24Jul26_ParkingDoubleMuonLowMass4Run2025C-PromptReco-v2/260727_192153/0000/mmgTree_1-56.root
=== Files from job 1-57:
1) PFN: root://cms-xrd-global.cern.ch//store/user/charlesf/ParkingDoubleMuonLowMass4/crab_muMuGamma_24Jul26_ParkingDoubleMuonLowMass4Run2025C-PromptReco-v2/260727_192153/0000/mmgTree_1-57.root
   LFN: /store/user/charlesf/ParkingDoubleMuonLowMass4/crab_muMuGamma_24Jul26_ParkingDoubleMuonLowMass4Run2025C-PromptReco-v2/260727_192153/0000/mmgTree_1-57.root
=== Files from job 1-59:
1) PFN: root://cms-xrd-global.cern.ch//store/user/charlesf/ParkingDoubleMuonLowMass4/crab_muMuGamma_24Jul26_ParkingDoubleMuonLowMass4Run2025C-PromptReco-v2/260727_192153/0000/mmgTree_1-59.root
   LFN: /store/user/charlesf/ParkingDoubleMuonLowMass4/crab_muMuGamma_24Jul26_ParkingDoubleMuonLowMass4Run2025C-PromptReco-v2/260727_192153/0000/mmgTree_1-59.root
=== Files from job 1-6:
1) PFN: root://cms-xrd-global.cern.ch//store/user/charlesf/ParkingDoubleMuonLowMass4/crab_muMuGamma_24Jul26_ParkingDoubleMuonLowMass4Run2025C-PromptReco-v2/260727_192153/0000/mmgTree_1-6.root
   LFN: /store/user/charlesf/ParkingDoubleMuonLowMass4/crab_muMuGamma_24Jul26_ParkingDoubleMuonLowMass4Run2025C-PromptReco-v2/260727_192153/0000/mmgTree_1-6.root
=== Files from job 1-60:
1) PFN: root://cms-xrd-global.cern.ch//store/user/charlesf/ParkingDoubleMuonLowMass4/crab_muMuGamma_24Jul26_ParkingDoubleMuonLowMass4Run2025C-PromptReco-v2/260727_192153/0000/mmgTree_1-60.root
   LFN: /store/user/charlesf/ParkingDoubleMuonLowMass4/crab_muMuGamma_24Jul26_ParkingDoubleMuonLowMass4Run2025C-PromptReco-v2/260727_192153/0000/mmgTree_1-60.root
=== Files from job 1-61:
1) PFN: root://cms-xrd-global.cern.ch//store/user/charlesf/ParkingDoubleMuonLowMass4/crab_muMuGamma_24Jul26_ParkingDoubleMuonLowMass4Run2025C-PromptReco-v2/260727_192153/0000/mmgTree_1-61.root
   LFN: /store/user/charlesf/ParkingDoubleMuonLowMass4/crab_muMuGamma_24Jul26_ParkingDoubleMuonLowMass4Run2025C-PromptReco-v2/260727_192153/0000/mmgTree_1-61.root
=== Files from job 1-62:
1) PFN: root://cms-xrd-global.cern.ch//store/user/charlesf/ParkingDoubleMuonLowMass4/crab_muMuGamma_24Jul26_ParkingDoubleMuonLowMass4Run2025C-PromptReco-v2/260727_192153/0000/mmgTree_1-62.root
   LFN: /store/user/charlesf/ParkingDoubleMuonLowMass4/crab_muMuGamma_24Jul26_ParkingDoubleMuonLowMass4Run2025C-PromptReco-v2/260727_192153/0000/mmgTree_1-62.root
=== Files from job 1-63:
1) PFN: root://cms-xrd-global.cern.ch//store/user/charlesf/ParkingDoubleMuonLowMass4/crab_muMuGamma_24Jul26_ParkingDoubleMuonLowMass4Run2025C-PromptReco-v2/260727_192153/0000/mmgTree_1-63.root
   LFN: /store/user/charlesf/ParkingDoubleMuonLowMass4/crab_muMuGamma_24Jul26_ParkingDoubleMuonLowMass4Run2025C-PromptReco-v2/260727_192153/0000/mmgTree_1-63.root
=== Files from job 1-64:
1) PFN: root://cms-xrd-global.cern.ch//store/user/charlesf/ParkingDoubleMuonLowMass4/crab_muMuGamma_24Jul26_ParkingDoubleMuonLowMass4Run2025C-PromptReco-v2/260727_192153/0000/mmgTree_1-64.root
   LFN: /store/user/charlesf/ParkingDoubleMuonLowMass4/crab_muMuGamma_24Jul26_ParkingDoubleMuonLowMass4Run2025C-PromptReco-v2/260727_192153/0000/mmgTree_1-64.root
=== Files from job 1-65:
1) PFN: root://cms-xrd-global.cern.ch//store/user/charlesf/ParkingDoubleMuonLowMass4/crab_muMuGamma_24Jul26_ParkingDoubleMuonLowMass4Run2025C-PromptReco-v2/260727_192153/0000/mmgTree_1-65.root
   LFN: /store/user/charlesf/ParkingDoubleMuonLowMass4/crab_muMuGamma_24Jul26_ParkingDoubleMuonLowMass4Run2025C-PromptReco-v2/260727_192153/0000/mmgTree_1-65.root
=== Files from job 1-66:
1) PFN: root://cms-xrd-global.cern.ch//store/user/charlesf/ParkingDoubleMuonLowMass4/crab_muMuGamma_24Jul26_ParkingDoubleMuonLowMass4Run2025C-PromptReco-v2/260727_192153/0000/mmgTree_1-66.root
   LFN: /store/user/charlesf/ParkingDoubleMuonLowMass4/crab_muMuGamma_24Jul26_ParkingDoubleMuonLowMass4Run2025C-PromptReco-v2/260727_192153/0000/mmgTree_1-66.root
=== Files from job 1-67:
1) PFN: root://cms-xrd-global.cern.ch//store/user/charlesf/ParkingDoubleMuonLowMass4/crab_muMuGamma_24Jul26_ParkingDoubleMuonLowMass4Run2025C-PromptReco-v2/260727_192153/0000/mmgTree_1-67.root
   LFN: /store/user/charlesf/ParkingDoubleMuonLowMass4/crab_muMuGamma_24Jul26_ParkingDoubleMuonLowMass4Run2025C-PromptReco-v2/260727_192153/0000/mmgTree_1-67.root
=== Files from job 1-68:
1) PFN: root://cms-xrd-global.cern.ch//store/user/charlesf/ParkingDoubleMuonLowMass4/crab_muMuGamma_24Jul26_ParkingDoubleMuonLowMass4Run2025C-PromptReco-v2/260727_192153/0000/mmgTree_1-68.root
   LFN: /store/user/charlesf/ParkingDoubleMuonLowMass4/crab_muMuGamma_24Jul26_ParkingDoubleMuonLowMass4Run2025C-PromptReco-v2/260727_192153/0000/mmgTree_1-68.root
=== Files from job 1-69:
1) PFN: root://cms-xrd-global.cern.ch//store/user/charlesf/ParkingDoubleMuonLowMass4/crab_muMuGamma_24Jul26_ParkingDoubleMuonLowMass4Run2025C-PromptReco-v2/260727_192153/0000/mmgTree_1-69.root
   LFN: /store/user/charlesf/ParkingDoubleMuonLowMass4/crab_muMuGamma_24Jul26_ParkingDoubleMuonLowMass4Run2025C-PromptReco-v2/260727_192153/0000/mmgTree_1-69.root
=== Files from job 1-7:
1) PFN: root://cms-xrd-global.cern.ch//store/user/charlesf/ParkingDoubleMuonLowMass4/crab_muMuGamma_24Jul26_ParkingDoubleMuonLowMass4Run2025C-PromptReco-v2/260727_192153/0000/mmgTree_1-7.root
   LFN: /store/user/charlesf/ParkingDoubleMuonLowMass4/crab_muMuGamma_24Jul26_ParkingDoubleMuonLowMass4Run2025C-PromptReco-v2/260727_192153/0000/mmgTree_1-7.root
=== Files from job 1-70:
1) PFN: root://cms-xrd-global.cern.ch//store/user/charlesf/ParkingDoubleMuonLowMass4/crab_muMuGamma_24Jul26_ParkingDoubleMuonLowMass4Run2025C-PromptReco-v2/260727_192153/0000/mmgTree_1-70.root
   LFN: /store/user/charlesf/ParkingDoubleMuonLowMass4/crab_muMuGamma_24Jul26_ParkingDoubleMuonLowMass4Run2025C-PromptReco-v2/260727_192153/0000/mmgTree_1-70.root
=== Files from job 1-71:
1) PFN: root://cms-xrd-global.cern.ch//store/user/charlesf/ParkingDoubleMuonLowMass4/crab_muMuGamma_24Jul26_ParkingDoubleMuonLowMass4Run2025C-PromptReco-v2/260727_192153/0000/mmgTree_1-71.root
   LFN: /store/user/charlesf/ParkingDoubleMuonLowMass4/crab_muMuGamma_24Jul26_ParkingDoubleMuonLowMass4Run2025C-PromptReco-v2/260727_192153/0000/mmgTree_1-71.root
=== Files from job 1-72:
1) PFN: root://cms-xrd-global.cern.ch//store/user/charlesf/ParkingDoubleMuonLowMass4/crab_muMuGamma_24Jul26_ParkingDoubleMuonLowMass4Run2025C-PromptReco-v2/260727_192153/0000/mmgTree_1-72.root
   LFN: /store/user/charlesf/ParkingDoubleMuonLowMass4/crab_muMuGamma_24Jul26_ParkingDoubleMuonLowMass4Run2025C-PromptReco-v2/260727_192153/0000/mmgTree_1-72.root
=== Files from job 1-73:
1) PFN: root://cms-xrd-global.cern.ch//store/user/charlesf/ParkingDoubleMuonLowMass4/crab_muMuGamma_24Jul26_ParkingDoubleMuonLowMass4Run2025C-PromptReco-v2/260727_192153/0000/mmgTree_1-73.root
   LFN: /store/user/charlesf/ParkingDoubleMuonLowMass4/crab_muMuGamma_24Jul26_ParkingDoubleMuonLowMass4Run2025C-PromptReco-v2/260727_192153/0000/mmgTree_1-73.root
=== Files from job 1-74:
1) PFN: root://cms-xrd-global.cern.ch//store/user/charlesf/ParkingDoubleMuonLowMass4/crab_muMuGamma_24Jul26_ParkingDoubleMuonLowMass4Run2025C-PromptReco-v2/260727_192153/0000/mmgTree_1-74.root
   LFN: /store/user/charlesf/ParkingDoubleMuonLowMass4/crab_muMuGamma_24Jul26_ParkingDoubleMuonLowMass4Run2025C-PromptReco-v2/260727_192153/0000/mmgTree_1-74.root
=== Files from job 1-75:
1) PFN: root://cms-xrd-global.cern.ch//store/user/charlesf/ParkingDoubleMuonLowMass4/crab_muMuGamma_24Jul26_ParkingDoubleMuonLowMass4Run2025C-PromptReco-v2/260727_192153/0000/mmgTree_1-75.root
   LFN: /store/user/charlesf/ParkingDoubleMuonLowMass4/crab_muMuGamma_24Jul26_ParkingDoubleMuonLowMass4Run2025C-PromptReco-v2/260727_192153/0000/mmgTree_1-75.root
=== Files from job 1-76:
1) PFN: root://cms-xrd-global.cern.ch//store/user/charlesf/ParkingDoubleMuonLowMass4/crab_muMuGamma_24Jul26_ParkingDoubleMuonLowMass4Run2025C-PromptReco-v2/260727_192153/0000/mmgTree_1-76.root
   LFN: /store/user/charlesf/ParkingDoubleMuonLowMass4/crab_muMuGamma_24Jul26_ParkingDoubleMuonLowMass4Run2025C-PromptReco-v2/260727_192153/0000/mmgTree_1-76.root
=== Files from job 1-77:
1) PFN: root://cms-xrd-global.cern.ch//store/user/charlesf/ParkingDoubleMuonLowMass4/crab_muMuGamma_24Jul26_ParkingDoubleMuonLowMass4Run2025C-PromptReco-v2/260727_192153/0000/mmgTree_1-77.root
   LFN: /store/user/charlesf/ParkingDoubleMuonLowMass4/crab_muMuGamma_24Jul26_ParkingDoubleMuonLowMass4Run2025C-PromptReco-v2/260727_192153/0000/mmgTree_1-77.root
=== Files from job 1-78:
1) PFN: root://cms-xrd-global.cern.ch//store/user/charlesf/ParkingDoubleMuonLowMass4/crab_muMuGamma_24Jul26_ParkingDoubleMuonLowMass4Run2025C-PromptReco-v2/260727_192153/0000/mmgTree_1-78.root
   LFN: /store/user/charlesf/ParkingDoubleMuonLowMass4/crab_muMuGamma_24Jul26_ParkingDoubleMuonLowMass4Run2025C-PromptReco-v2/260727_192153/0000/mmgTree_1-78.root
=== Files from job 1-79:
1) PFN: root://cms-xrd-global.cern.ch//store/user/charlesf/ParkingDoubleMuonLowMass4/crab_muMuGamma_24Jul26_ParkingDoubleMuonLowMass4Run2025C-PromptReco-v2/260727_192153/0000/mmgTree_1-79.root
   LFN: /store/user/charlesf/ParkingDoubleMuonLowMass4/crab_muMuGamma_24Jul26_ParkingDoubleMuonLowMass4Run2025C-PromptReco-v2/260727_192153/0000/mmgTree_1-79.root
=== Files from job 1-8:
1) PFN: root://cms-xrd-global.cern.ch//store/user/charlesf/ParkingDoubleMuonLowMass4/crab_muMuGamma_24Jul26_ParkingDoubleMuonLowMass4Run2025C-PromptReco-v2/260727_192153/0000/mmgTree_1-8.root
   LFN: /store/user/charlesf/ParkingDoubleMuonLowMass4/crab_muMuGamma_24Jul26_ParkingDoubleMuonLowMass4Run2025C-PromptReco-v2/260727_192153/0000/mmgTree_1-8.root
=== Files from job 1-82:
1) PFN: root://cms-xrd-global.cern.ch//store/user/charlesf/ParkingDoubleMuonLowMass4/crab_muMuGamma_24Jul26_ParkingDoubleMuonLowMass4Run2025C-PromptReco-v2/260727_192153/0000/mmgTree_1-82.root
   LFN: /store/user/charlesf/ParkingDoubleMuonLowMass4/crab_muMuGamma_24Jul26_ParkingDoubleMuonLowMass4Run2025C-PromptReco-v2/260727_192153/0000/mmgTree_1-82.root
=== Files from job 1-83:
1) PFN: root://cms-xrd-global.cern.ch//store/user/charlesf/ParkingDoubleMuonLowMass4/crab_muMuGamma_24Jul26_ParkingDoubleMuonLowMass4Run2025C-PromptReco-v2/260727_192153/0000/mmgTree_1-83.root
   LFN: /store/user/charlesf/ParkingDoubleMuonLowMass4/crab_muMuGamma_24Jul26_ParkingDoubleMuonLowMass4Run2025C-PromptReco-v2/260727_192153/0000/mmgTree_1-83.root
=== Files from job 1-84:
1) PFN: root://cms-xrd-global.cern.ch//store/user/charlesf/ParkingDoubleMuonLowMass4/crab_muMuGamma_24Jul26_ParkingDoubleMuonLowMass4Run2025C-PromptReco-v2/260727_192153/0000/mmgTree_1-84.root
   LFN: /store/user/charlesf/ParkingDoubleMuonLowMass4/crab_muMuGamma_24Jul26_ParkingDoubleMuonLowMass4Run2025C-PromptReco-v2/260727_192153/0000/mmgTree_1-84.root
=== Files from job 1-85:
1) PFN: root://cms-xrd-global.cern.ch//store/user/charlesf/ParkingDoubleMuonLowMass4/crab_muMuGamma_24Jul26_ParkingDoubleMuonLowMass4Run2025C-PromptReco-v2/260727_192153/0000/mmgTree_1-85.root
   LFN: /store/user/charlesf/ParkingDoubleMuonLowMass4/crab_muMuGamma_24Jul26_ParkingDoubleMuonLowMass4Run2025C-PromptReco-v2/260727_192153/0000/mmgTree_1-85.root
=== Files from job 1-9:
1) PFN: root://cms-xrd-global.cern.ch//store/user/charlesf/ParkingDoubleMuonLowMass4/crab_muMuGamma_24Jul26_ParkingDoubleMuonLowMass4Run2025C-PromptReco-v2/260727_192153/0000/mmgTree_1-9.root
   LFN: /store/user/charlesf/ParkingDoubleMuonLowMass4/crab_muMuGamma_24Jul26_ParkingDoubleMuonLowMass4Run2025C-PromptReco-v2/260727_192153/0000/mmgTree_1-9.root
=== Files from job 10:
1) PFN: root://cms-xrd-global.cern.ch//store/user/charlesf/ParkingDoubleMuonLowMass4/crab_muMuGamma_24Jul26_ParkingDoubleMuonLowMass4Run2025C-PromptReco-v2/260727_192153/0000/mmgTree_10.root
   LFN: /store/user/charlesf/ParkingDoubleMuonLowMass4/crab_muMuGamma_24Jul26_ParkingDoubleMuonLowMass4Run2025C-PromptReco-v2/260727_192153/0000/mmgTree_10.root
=== Files from job 101:
1) PFN: root://cms-xrd-global.cern.ch//store/user/charlesf/ParkingDoubleMuonLowMass4/crab_muMuGamma_24Jul26_ParkingDoubleMuonLowMass4Run2025C-PromptReco-v2/260727_192153/0000/mmgTree_101.root
   LFN: /store/user/charlesf/ParkingDoubleMuonLowMass4/crab_muMuGamma_24Jul26_ParkingDoubleMuonLowMass4Run2025C-PromptReco-v2/260727_192153/0000/mmgTree_101.root
=== Files from job 102:
1) PFN: root://cms-xrd-global.cern.ch//store/user/charlesf/ParkingDoubleMuonLowMass4/crab_muMuGamma_24Jul26_ParkingDoubleMuonLowMass4Run2025C-PromptReco-v2/260727_192153/0000/mmgTree_102.root
   LFN: /store/user/charlesf/ParkingDoubleMuonLowMass4/crab_muMuGamma_24Jul26_ParkingDoubleMuonLowMass4Run2025C-PromptReco-v2/260727_192153/0000/mmgTree_102.root
=== Files from job 103:
1) PFN: root://cms-xrd-global.cern.ch//store/user/charlesf/ParkingDoubleMuonLowMass4/crab_muMuGamma_24Jul26_ParkingDoubleMuonLowMass4Run2025C-PromptReco-v2/260727_192153/0000/mmgTree_103.root
   LFN: /store/user/charlesf/ParkingDoubleMuonLowMass4/crab_muMuGamma_24Jul26_ParkingDoubleMuonLowMass4Run2025C-PromptReco-v2/260727_192153/0000/mmgTree_103.root
=== Files from job 104:
1) PFN: root://cms-xrd-global.cern.ch//store/user/charlesf/ParkingDoubleMuonLowMass4/crab_muMuGamma_24Jul26_ParkingDoubleMuonLowMass4Run2025C-PromptReco-v2/260727_192153/0000/mmgTree_104.root
   LFN: /store/user/charlesf/ParkingDoubleMuonLowMass4/crab_muMuGamma_24Jul26_ParkingDoubleMuonLowMass4Run2025C-PromptReco-v2/260727_192153/0000/mmgTree_104.root
=== Files from job 105:
1) PFN: root://cms-xrd-global.cern.ch//store/user/charlesf/ParkingDoubleMuonLowMass4/crab_muMuGamma_24Jul26_ParkingDoubleMuonLowMass4Run2025C-PromptReco-v2/260727_192153/0000/mmgTree_105.root
   LFN: /store/user/charlesf/ParkingDoubleMuonLowMass4/crab_muMuGamma_24Jul26_ParkingDoubleMuonLowMass4Run2025C-PromptReco-v2/260727_192153/0000/mmgTree_105.root
=== Files from job 106:
1) PFN: root://cms-xrd-global.cern.ch//store/user/charlesf/ParkingDoubleMuonLowMass4/crab_muMuGamma_24Jul26_ParkingDoubleMuonLowMass4Run2025C-PromptReco-v2/260727_192153/0000/mmgTree_106.root
   LFN: /store/user/charlesf/ParkingDoubleMuonLowMass4/crab_muMuGamma_24Jul26_ParkingDoubleMuonLowMass4Run2025C-PromptReco-v2/260727_192153/0000/mmgTree_106.root
=== Files from job 107:
1) PFN: root://cms-xrd-global.cern.ch//store/user/charlesf/ParkingDoubleMuonLowMass4/crab_muMuGamma_24Jul26_ParkingDoubleMuonLowMass4Run2025C-PromptReco-v2/260727_192153/0000/mmgTree_107.root
   LFN: /store/user/charlesf/ParkingDoubleMuonLowMass4/crab_muMuGamma_24Jul26_ParkingDoubleMuonLowMass4Run2025C-PromptReco-v2/260727_192153/0000/mmgTree_107.root
=== Files from job 108:
1) PFN: root://cms-xrd-global.cern.ch//store/user/charlesf/ParkingDoubleMuonLowMass4/crab_muMuGamma_24Jul26_ParkingDoubleMuonLowMass4Run2025C-PromptReco-v2/260727_192153/0000/mmgTree_108.root
   LFN: /store/user/charlesf/ParkingDoubleMuonLowMass4/crab_muMuGamma_24Jul26_ParkingDoubleMuonLowMass4Run2025C-PromptReco-v2/260727_192153/0000/mmgTree_108.root
=== Files from job 109:
1) PFN: root://cms-xrd-global.cern.ch//store/user/charlesf/ParkingDoubleMuonLowMass4/crab_muMuGamma_24Jul26_ParkingDoubleMuonLowMass4Run2025C-PromptReco-v2/260727_192153/0000/mmgTree_109.root
   LFN: /store/user/charlesf/ParkingDoubleMuonLowMass4/crab_muMuGamma_24Jul26_ParkingDoubleMuonLowMass4Run2025C-PromptReco-v2/260727_192153/0000/mmgTree_109.root
=== Files from job 11:
1) PFN: root://cms-xrd-global.cern.ch//store/user/charlesf/ParkingDoubleMuonLowMass4/crab_muMuGamma_24Jul26_ParkingDoubleMuonLowMass4Run2025C-PromptReco-v2/260727_192153/0000/mmgTree_11.root
   LFN: /store/user/charlesf/ParkingDoubleMuonLowMass4/crab_muMuGamma_24Jul26_ParkingDoubleMuonLowMass4Run2025C-PromptReco-v2/260727_192153/0000/mmgTree_11.root
=== Files from job 111:
1) PFN: root://cms-xrd-global.cern.ch//store/user/charlesf/ParkingDoubleMuonLowMass4/crab_muMuGamma_24Jul26_ParkingDoubleMuonLowMass4Run2025C-PromptReco-v2/260727_192153/0000/mmgTree_111.root
   LFN: /store/user/charlesf/ParkingDoubleMuonLowMass4/crab_muMuGamma_24Jul26_ParkingDoubleMuonLowMass4Run2025C-PromptReco-v2/260727_192153/0000/mmgTree_111.root
=== Files from job 112:
1) PFN: root://cms-xrd-global.cern.ch//store/user/charlesf/ParkingDoubleMuonLowMass4/crab_muMuGamma_24Jul26_ParkingDoubleMuonLowMass4Run2025C-PromptReco-v2/260727_192153/0000/mmgTree_112.root
   LFN: /store/user/charlesf/ParkingDoubleMuonLowMass4/crab_muMuGamma_24Jul26_ParkingDoubleMuonLowMass4Run2025C-PromptReco-v2/260727_192153/0000/mmgTree_112.root
=== Files from job 113:
1) PFN: root://cms-xrd-global.cern.ch//store/user/charlesf/ParkingDoubleMuonLowMass4/crab_muMuGamma_24Jul26_ParkingDoubleMuonLowMass4Run2025C-PromptReco-v2/260727_192153/0000/mmgTree_113.root
   LFN: /store/user/charlesf/ParkingDoubleMuonLowMass4/crab_muMuGamma_24Jul26_ParkingDoubleMuonLowMass4Run2025C-PromptReco-v2/260727_192153/0000/mmgTree_113.root
=== Files from job 115:
1) PFN: root://cms-xrd-global.cern.ch//store/user/charlesf/ParkingDoubleMuonLowMass4/crab_muMuGamma_24Jul26_ParkingDoubleMuonLowMass4Run2025C-PromptReco-v2/260727_192153/0000/mmgTree_115.root
   LFN: /store/user/charlesf/ParkingDoubleMuonLowMass4/crab_muMuGamma_24Jul26_ParkingDoubleMuonLowMass4Run2025C-PromptReco-v2/260727_192153/0000/mmgTree_115.root
=== Files from job 116:
1) PFN: root://cms-xrd-global.cern.ch//store/user/charlesf/ParkingDoubleMuonLowMass4/crab_muMuGamma_24Jul26_ParkingDoubleMuonLowMass4Run2025C-PromptReco-v2/260727_192153/0000/mmgTree_116.root
   LFN: /store/user/charlesf/ParkingDoubleMuonLowMass4/crab_muMuGamma_24Jul26_ParkingDoubleMuonLowMass4Run2025C-PromptReco-v2/260727_192153/0000/mmgTree_116.root
=== Files from job 118:
1) PFN: root://cms-xrd-global.cern.ch//store/user/charlesf/ParkingDoubleMuonLowMass4/crab_muMuGamma_24Jul26_ParkingDoubleMuonLowMass4Run2025C-PromptReco-v2/260727_192153/0000/mmgTree_118.root
   LFN: /store/user/charlesf/ParkingDoubleMuonLowMass4/crab_muMuGamma_24Jul26_ParkingDoubleMuonLowMass4Run2025C-PromptReco-v2/260727_192153/0000/mmgTree_118.root
=== Files from job 119:
1) PFN: root://cms-xrd-global.cern.ch//store/user/charlesf/ParkingDoubleMuonLowMass4/crab_muMuGamma_24Jul26_ParkingDoubleMuonLowMass4Run2025C-PromptReco-v2/260727_192153/0000/mmgTree_119.root
   LFN: /store/user/charlesf/ParkingDoubleMuonLowMass4/crab_muMuGamma_24Jul26_ParkingDoubleMuonLowMass4Run2025C-PromptReco-v2/260727_192153/0000/mmgTree_119.root
=== Files from job 12:
1) PFN: root://cms-xrd-global.cern.ch//store/user/charlesf/ParkingDoubleMuonLowMass4/crab_muMuGamma_24Jul26_ParkingDoubleMuonLowMass4Run2025C-PromptReco-v2/260727_192153/0000/mmgTree_12.root
   LFN: /store/user/charlesf/ParkingDoubleMuonLowMass4/crab_muMuGamma_24Jul26_ParkingDoubleMuonLowMass4Run2025C-PromptReco-v2/260727_192153/0000/mmgTree_12.root
=== Files from job 120:
1) PFN: root://cms-xrd-global.cern.ch//store/user/charlesf/ParkingDoubleMuonLowMass4/crab_muMuGamma_24Jul26_ParkingDoubleMuonLowMass4Run2025C-PromptReco-v2/260727_192153/0000/mmgTree_120.root
   LFN: /store/user/charlesf/ParkingDoubleMuonLowMass4/crab_muMuGamma_24Jul26_ParkingDoubleMuonLowMass4Run2025C-PromptReco-v2/260727_192153/0000/mmgTree_120.root
=== Files from job 121:
1) PFN: root://cms-xrd-global.cern.ch//store/user/charlesf/ParkingDoubleMuonLowMass4/crab_muMuGamma_24Jul26_ParkingDoubleMuonLowMass4Run2025C-PromptReco-v2/260727_192153/0000/mmgTree_121.root
   LFN: /store/user/charlesf/ParkingDoubleMuonLowMass4/crab_muMuGamma_24Jul26_ParkingDoubleMuonLowMass4Run2025C-PromptReco-v2/260727_192153/0000/mmgTree_121.root
=== Files from job 122:
1) PFN: root://cms-xrd-global.cern.ch//store/user/charlesf/ParkingDoubleMuonLowMass4/crab_muMuGamma_24Jul26_ParkingDoubleMuonLowMass4Run2025C-PromptReco-v2/260727_192153/0000/mmgTree_122.root
   LFN: /store/user/charlesf/ParkingDoubleMuonLowMass4/crab_muMuGamma_24Jul26_ParkingDoubleMuonLowMass4Run2025C-PromptReco-v2/260727_192153/0000/mmgTree_122.root
=== Files from job 123:
1) PFN: root://cms-xrd-global.cern.ch//store/user/charlesf/ParkingDoubleMuonLowMass4/crab_muMuGamma_24Jul26_ParkingDoubleMuonLowMass4Run2025C-PromptReco-v2/260727_192153/0000/mmgTree_123.root
   LFN: /store/user/charlesf/ParkingDoubleMuonLowMass4/crab_muMuGamma_24Jul26_ParkingDoubleMuonLowMass4Run2025C-PromptReco-v2/260727_192153/0000/mmgTree_123.root
=== Files from job 124:
1) PFN: root://cms-xrd-global.cern.ch//store/user/charlesf/ParkingDoubleMuonLowMass4/crab_muMuGamma_24Jul26_ParkingDoubleMuonLowMass4Run2025C-PromptReco-v2/260727_192153/0000/mmgTree_124.root
   LFN: /store/user/charlesf/ParkingDoubleMuonLowMass4/crab_muMuGamma_24Jul26_ParkingDoubleMuonLowMass4Run2025C-PromptReco-v2/260727_192153/0000/mmgTree_124.root
=== Files from job 125:
1) PFN: root://cms-xrd-global.cern.ch//store/user/charlesf/ParkingDoubleMuonLowMass4/crab_muMuGamma_24Jul26_ParkingDoubleMuonLowMass4Run2025C-PromptReco-v2/260727_192153/0000/mmgTree_125.root
   LFN: /store/user/charlesf/ParkingDoubleMuonLowMass4/crab_muMuGamma_24Jul26_ParkingDoubleMuonLowMass4Run2025C-PromptReco-v2/260727_192153/0000/mmgTree_125.root
=== Files from job 126:
1) PFN: root://cms-xrd-global.cern.ch//store/user/charlesf/ParkingDoubleMuonLowMass4/crab_muMuGamma_24Jul26_ParkingDoubleMuonLowMass4Run2025C-PromptReco-v2/260727_192153/0000/mmgTree_126.root
   LFN: /store/user/charlesf/ParkingDoubleMuonLowMass4/crab_muMuGamma_24Jul26_ParkingDoubleMuonLowMass4Run2025C-PromptReco-v2/260727_192153/0000/mmgTree_126.root
=== Files from job 127:
1) PFN: root://cms-xrd-global.cern.ch//store/user/charlesf/ParkingDoubleMuonLowMass4/crab_muMuGamma_24Jul26_ParkingDoubleMuonLowMass4Run2025C-PromptReco-v2/260727_192153/0000/mmgTree_127.root
   LFN: /store/user/charlesf/ParkingDoubleMuonLowMass4/crab_muMuGamma_24Jul26_ParkingDoubleMuonLowMass4Run2025C-PromptReco-v2/260727_192153/0000/mmgTree_127.root
=== Files from job 128:
1) PFN: root://cms-xrd-global.cern.ch//store/user/charlesf/ParkingDoubleMuonLowMass4/crab_muMuGamma_24Jul26_ParkingDoubleMuonLowMass4Run2025C-PromptReco-v2/260727_192153/0000/mmgTree_128.root
   LFN: /store/user/charlesf/ParkingDoubleMuonLowMass4/crab_muMuGamma_24Jul26_ParkingDoubleMuonLowMass4Run2025C-PromptReco-v2/260727_192153/0000/mmgTree_128.root
=== Files from job 129:
1) PFN: root://cms-xrd-global.cern.ch//store/user/charlesf/ParkingDoubleMuonLowMass4/crab_muMuGamma_24Jul26_ParkingDoubleMuonLowMass4Run2025C-PromptReco-v2/260727_192153/0000/mmgTree_129.root
   LFN: /store/user/charlesf/ParkingDoubleMuonLowMass4/crab_muMuGamma_24Jul26_ParkingDoubleMuonLowMass4Run2025C-PromptReco-v2/260727_192153/0000/mmgTree_129.root
=== Files from job 130:
1) PFN: root://cms-xrd-global.cern.ch//store/user/charlesf/ParkingDoubleMuonLowMass4/crab_muMuGamma_24Jul26_ParkingDoubleMuonLowMass4Run2025C-PromptReco-v2/260727_192153/0000/mmgTree_130.root
   LFN: /store/user/charlesf/ParkingDoubleMuonLowMass4/crab_muMuGamma_24Jul26_ParkingDoubleMuonLowMass4Run2025C-PromptReco-v2/260727_192153/0000/mmgTree_130.root
=== Files from job 131:
1) PFN: root://cms-xrd-global.cern.ch//store/user/charlesf/ParkingDoubleMuonLowMass4/crab_muMuGamma_24Jul26_ParkingDoubleMuonLowMass4Run2025C-PromptReco-v2/260727_192153/0000/mmgTree_131.root
   LFN: /store/user/charlesf/ParkingDoubleMuonLowMass4/crab_muMuGamma_24Jul26_ParkingDoubleMuonLowMass4Run2025C-PromptReco-v2/260727_192153/0000/mmgTree_131.root
=== Files from job 134:
1) PFN: root://cms-xrd-global.cern.ch//store/user/charlesf/ParkingDoubleMuonLowMass4/crab_muMuGamma_24Jul26_ParkingDoubleMuonLowMass4Run2025C-PromptReco-v2/260727_192153/0000/mmgTree_134.root
   LFN: /store/user/charlesf/ParkingDoubleMuonLowMass4/crab_muMuGamma_24Jul26_ParkingDoubleMuonLowMass4Run2025C-PromptReco-v2/260727_192153/0000/mmgTree_134.root
=== Files from job 135:
1) PFN: root://cms-xrd-global.cern.ch//store/user/charlesf/ParkingDoubleMuonLowMass4/crab_muMuGamma_24Jul26_ParkingDoubleMuonLowMass4Run2025C-PromptReco-v2/260727_192153/0000/mmgTree_135.root
   LFN: /store/user/charlesf/ParkingDoubleMuonLowMass4/crab_muMuGamma_24Jul26_ParkingDoubleMuonLowMass4Run2025C-PromptReco-v2/260727_192153/0000/mmgTree_135.root
=== Files from job 136:
1) PFN: root://cms-xrd-global.cern.ch//store/user/charlesf/ParkingDoubleMuonLowMass4/crab_muMuGamma_24Jul26_ParkingDoubleMuonLowMass4Run2025C-PromptReco-v2/260727_192153/0000/mmgTree_136.root
   LFN: /store/user/charlesf/ParkingDoubleMuonLowMass4/crab_muMuGamma_24Jul26_ParkingDoubleMuonLowMass4Run2025C-PromptReco-v2/260727_192153/0000/mmgTree_136.root
=== Files from job 138:
1) PFN: root://cms-xrd-global.cern.ch//store/user/charlesf/ParkingDoubleMuonLowMass4/crab_muMuGamma_24Jul26_ParkingDoubleMuonLowMass4Run2025C-PromptReco-v2/260727_192153/0000/mmgTree_138.root
   LFN: /store/user/charlesf/ParkingDoubleMuonLowMass4/crab_muMuGamma_24Jul26_ParkingDoubleMuonLowMass4Run2025C-PromptReco-v2/260727_192153/0000/mmgTree_138.root
=== Files from job 139:
1) PFN: root://cms-xrd-global.cern.ch//store/user/charlesf/ParkingDoubleMuonLowMass4/crab_muMuGamma_24Jul26_ParkingDoubleMuonLowMass4Run2025C-PromptReco-v2/260727_192153/0000/mmgTree_139.root
   LFN: /store/user/charlesf/ParkingDoubleMuonLowMass4/crab_muMuGamma_24Jul26_ParkingDoubleMuonLowMass4Run2025C-PromptReco-v2/260727_192153/0000/mmgTree_139.root
=== Files from job 14:
1) PFN: root://cms-xrd-global.cern.ch//store/user/charlesf/ParkingDoubleMuonLowMass4/crab_muMuGamma_24Jul26_ParkingDoubleMuonLowMass4Run2025C-PromptReco-v2/260727_192153/0000/mmgTree_14.root
   LFN: /store/user/charlesf/ParkingDoubleMuonLowMass4/crab_muMuGamma_24Jul26_ParkingDoubleMuonLowMass4Run2025C-PromptReco-v2/260727_192153/0000/mmgTree_14.root
=== Files from job 140:
1) PFN: root://cms-xrd-global.cern.ch//store/user/charlesf/ParkingDoubleMuonLowMass4/crab_muMuGamma_24Jul26_ParkingDoubleMuonLowMass4Run2025C-PromptReco-v2/260727_192153/0000/mmgTree_140.root
   LFN: /store/user/charlesf/ParkingDoubleMuonLowMass4/crab_muMuGamma_24Jul26_ParkingDoubleMuonLowMass4Run2025C-PromptReco-v2/260727_192153/0000/mmgTree_140.root
=== Files from job 141:
1) PFN: root://cms-xrd-global.cern.ch//store/user/charlesf/ParkingDoubleMuonLowMass4/crab_muMuGamma_24Jul26_ParkingDoubleMuonLowMass4Run2025C-PromptReco-v2/260727_192153/0000/mmgTree_141.root
   LFN: /store/user/charlesf/ParkingDoubleMuonLowMass4/crab_muMuGamma_24Jul26_ParkingDoubleMuonLowMass4Run2025C-PromptReco-v2/260727_192153/0000/mmgTree_141.root
=== Files from job 142:
1) PFN: root://cms-xrd-global.cern.ch//store/user/charlesf/ParkingDoubleMuonLowMass4/crab_muMuGamma_24Jul26_ParkingDoubleMuonLowMass4Run2025C-PromptReco-v2/260727_192153/0000/mmgTree_142.root
   LFN: /store/user/charlesf/ParkingDoubleMuonLowMass4/crab_muMuGamma_24Jul26_ParkingDoubleMuonLowMass4Run2025C-PromptReco-v2/260727_192153/0000/mmgTree_142.root
=== Files from job 143:
1) PFN: root://cms-xrd-global.cern.ch//store/user/charlesf/ParkingDoubleMuonLowMass4/crab_muMuGamma_24Jul26_ParkingDoubleMuonLowMass4Run2025C-PromptReco-v2/260727_192153/0000/mmgTree_143.root
   LFN: /store/user/charlesf/ParkingDoubleMuonLowMass4/crab_muMuGamma_24Jul26_ParkingDoubleMuonLowMass4Run2025C-PromptReco-v2/260727_192153/0000/mmgTree_143.root
=== Files from job 144:
1) PFN: root://cms-xrd-global.cern.ch//store/user/charlesf/ParkingDoubleMuonLowMass4/crab_muMuGamma_24Jul26_ParkingDoubleMuonLowMass4Run2025C-PromptReco-v2/260727_192153/0000/mmgTree_144.root
   LFN: /store/user/charlesf/ParkingDoubleMuonLowMass4/crab_muMuGamma_24Jul26_ParkingDoubleMuonLowMass4Run2025C-PromptReco-v2/260727_192153/0000/mmgTree_144.root
=== Files from job 145:
1) PFN: root://cms-xrd-global.cern.ch//store/user/charlesf/ParkingDoubleMuonLowMass4/crab_muMuGamma_24Jul26_ParkingDoubleMuonLowMass4Run2025C-PromptReco-v2/260727_192153/0000/mmgTree_145.root
   LFN: /store/user/charlesf/ParkingDoubleMuonLowMass4/crab_muMuGamma_24Jul26_ParkingDoubleMuonLowMass4Run2025C-PromptReco-v2/260727_192153/0000/mmgTree_145.root
=== Files from job 147:
1) PFN: root://cms-xrd-global.cern.ch//store/user/charlesf/ParkingDoubleMuonLowMass4/crab_muMuGamma_24Jul26_ParkingDoubleMuonLowMass4Run2025C-PromptReco-v2/260727_192153/0000/mmgTree_147.root
   LFN: /store/user/charlesf/ParkingDoubleMuonLowMass4/crab_muMuGamma_24Jul26_ParkingDoubleMuonLowMass4Run2025C-PromptReco-v2/260727_192153/0000/mmgTree_147.root
=== Files from job 148:
1) PFN: root://cms-xrd-global.cern.ch//store/user/charlesf/ParkingDoubleMuonLowMass4/crab_muMuGamma_24Jul26_ParkingDoubleMuonLowMass4Run2025C-PromptReco-v2/260727_192153/0000/mmgTree_148.root
   LFN: /store/user/charlesf/ParkingDoubleMuonLowMass4/crab_muMuGamma_24Jul26_ParkingDoubleMuonLowMass4Run2025C-PromptReco-v2/260727_192153/0000/mmgTree_148.root
=== Files from job 15:
1) PFN: root://cms-xrd-global.cern.ch//store/user/charlesf/ParkingDoubleMuonLowMass4/crab_muMuGamma_24Jul26_ParkingDoubleMuonLowMass4Run2025C-PromptReco-v2/260727_192153/0000/mmgTree_15.root
   LFN: /store/user/charlesf/ParkingDoubleMuonLowMass4/crab_muMuGamma_24Jul26_ParkingDoubleMuonLowMass4Run2025C-PromptReco-v2/260727_192153/0000/mmgTree_15.root
=== Files from job 150:
1) PFN: root://cms-xrd-global.cern.ch//store/user/charlesf/ParkingDoubleMuonLowMass4/crab_muMuGamma_24Jul26_ParkingDoubleMuonLowMass4Run2025C-PromptReco-v2/260727_192153/0000/mmgTree_150.root
   LFN: /store/user/charlesf/ParkingDoubleMuonLowMass4/crab_muMuGamma_24Jul26_ParkingDoubleMuonLowMass4Run2025C-PromptReco-v2/260727_192153/0000/mmgTree_150.root
=== Files from job 151:
1) PFN: root://cms-xrd-global.cern.ch//store/user/charlesf/ParkingDoubleMuonLowMass4/crab_muMuGamma_24Jul26_ParkingDoubleMuonLowMass4Run2025C-PromptReco-v2/260727_192153/0000/mmgTree_151.root
   LFN: /store/user/charlesf/ParkingDoubleMuonLowMass4/crab_muMuGamma_24Jul26_ParkingDoubleMuonLowMass4Run2025C-PromptReco-v2/260727_192153/0000/mmgTree_151.root
=== Files from job 152:
1) PFN: root://cms-xrd-global.cern.ch//store/user/charlesf/ParkingDoubleMuonLowMass4/crab_muMuGamma_24Jul26_ParkingDoubleMuonLowMass4Run2025C-PromptReco-v2/260727_192153/0000/mmgTree_152.root
   LFN: /store/user/charlesf/ParkingDoubleMuonLowMass4/crab_muMuGamma_24Jul26_ParkingDoubleMuonLowMass4Run2025C-PromptReco-v2/260727_192153/0000/mmgTree_152.root
=== Files from job 153:
1) PFN: root://cms-xrd-global.cern.ch//store/user/charlesf/ParkingDoubleMuonLowMass4/crab_muMuGamma_24Jul26_ParkingDoubleMuonLowMass4Run2025C-PromptReco-v2/260727_192153/0000/mmgTree_153.root
   LFN: /store/user/charlesf/ParkingDoubleMuonLowMass4/crab_muMuGamma_24Jul26_ParkingDoubleMuonLowMass4Run2025C-PromptReco-v2/260727_192153/0000/mmgTree_153.root
=== Files from job 154:
1) PFN: root://cms-xrd-global.cern.ch//store/user/charlesf/ParkingDoubleMuonLowMass4/crab_muMuGamma_24Jul26_ParkingDoubleMuonLowMass4Run2025C-PromptReco-v2/260727_192153/0000/mmgTree_154.root
   LFN: /store/user/charlesf/ParkingDoubleMuonLowMass4/crab_muMuGamma_24Jul26_ParkingDoubleMuonLowMass4Run2025C-PromptReco-v2/260727_192153/0000/mmgTree_154.root
=== Files from job 155:
1) PFN: root://cms-xrd-global.cern.ch//store/user/charlesf/ParkingDoubleMuonLowMass4/crab_muMuGamma_24Jul26_ParkingDoubleMuonLowMass4Run2025C-PromptReco-v2/260727_192153/0000/mmgTree_155.root
   LFN: /store/user/charlesf/ParkingDoubleMuonLowMass4/crab_muMuGamma_24Jul26_ParkingDoubleMuonLowMass4Run2025C-PromptReco-v2/260727_192153/0000/mmgTree_155.root
=== Files from job 156:
1) PFN: root://cms-xrd-global.cern.ch//store/user/charlesf/ParkingDoubleMuonLowMass4/crab_muMuGamma_24Jul26_ParkingDoubleMuonLowMass4Run2025C-PromptReco-v2/260727_192153/0000/mmgTree_156.root
   LFN: /store/user/charlesf/ParkingDoubleMuonLowMass4/crab_muMuGamma_24Jul26_ParkingDoubleMuonLowMass4Run2025C-PromptReco-v2/260727_192153/0000/mmgTree_156.root
=== Files from job 157:
1) PFN: root://cms-xrd-global.cern.ch//store/user/charlesf/ParkingDoubleMuonLowMass4/crab_muMuGamma_24Jul26_ParkingDoubleMuonLowMass4Run2025C-PromptReco-v2/260727_192153/0000/mmgTree_157.root
   LFN: /store/user/charlesf/ParkingDoubleMuonLowMass4/crab_muMuGamma_24Jul26_ParkingDoubleMuonLowMass4Run2025C-PromptReco-v2/260727_192153/0000/mmgTree_157.root
=== Files from job 158:
1) PFN: root://cms-xrd-global.cern.ch//store/user/charlesf/ParkingDoubleMuonLowMass4/crab_muMuGamma_24Jul26_ParkingDoubleMuonLowMass4Run2025C-PromptReco-v2/260727_192153/0000/mmgTree_158.root
   LFN: /store/user/charlesf/ParkingDoubleMuonLowMass4/crab_muMuGamma_24Jul26_ParkingDoubleMuonLowMass4Run2025C-PromptReco-v2/260727_192153/0000/mmgTree_158.root
=== Files from job 159:
1) PFN: root://cms-xrd-global.cern.ch//store/user/charlesf/ParkingDoubleMuonLowMass4/crab_muMuGamma_24Jul26_ParkingDoubleMuonLowMass4Run2025C-PromptReco-v2/260727_192153/0000/mmgTree_159.root
   LFN: /store/user/charlesf/ParkingDoubleMuonLowMass4/crab_muMuGamma_24Jul26_ParkingDoubleMuonLowMass4Run2025C-PromptReco-v2/260727_192153/0000/mmgTree_159.root
=== Files from job 16:
1) PFN: root://cms-xrd-global.cern.ch//store/user/charlesf/ParkingDoubleMuonLowMass4/crab_muMuGamma_24Jul26_ParkingDoubleMuonLowMass4Run2025C-PromptReco-v2/260727_192153/0000/mmgTree_16.root
   LFN: /store/user/charlesf/ParkingDoubleMuonLowMass4/crab_muMuGamma_24Jul26_ParkingDoubleMuonLowMass4Run2025C-PromptReco-v2/260727_192153/0000/mmgTree_16.root
=== Files from job 160:
1) PFN: root://cms-xrd-global.cern.ch//store/user/charlesf/ParkingDoubleMuonLowMass4/crab_muMuGamma_24Jul26_ParkingDoubleMuonLowMass4Run2025C-PromptReco-v2/260727_192153/0000/mmgTree_160.root
   LFN: /store/user/charlesf/ParkingDoubleMuonLowMass4/crab_muMuGamma_24Jul26_ParkingDoubleMuonLowMass4Run2025C-PromptReco-v2/260727_192153/0000/mmgTree_160.root
=== Files from job 161:
1) PFN: root://cms-xrd-global.cern.ch//store/user/charlesf/ParkingDoubleMuonLowMass4/crab_muMuGamma_24Jul26_ParkingDoubleMuonLowMass4Run2025C-PromptReco-v2/260727_192153/0000/mmgTree_161.root
   LFN: /store/user/charlesf/ParkingDoubleMuonLowMass4/crab_muMuGamma_24Jul26_ParkingDoubleMuonLowMass4Run2025C-PromptReco-v2/260727_192153/0000/mmgTree_161.root
=== Files from job 162:
1) PFN: root://cms-xrd-global.cern.ch//store/user/charlesf/ParkingDoubleMuonLowMass4/crab_muMuGamma_24Jul26_ParkingDoubleMuonLowMass4Run2025C-PromptReco-v2/260727_192153/0000/mmgTree_162.root
   LFN: /store/user/charlesf/ParkingDoubleMuonLowMass4/crab_muMuGamma_24Jul26_ParkingDoubleMuonLowMass4Run2025C-PromptReco-v2/260727_192153/0000/mmgTree_162.root
=== Files from job 163:
1) PFN: root://cms-xrd-global.cern.ch//store/user/charlesf/ParkingDoubleMuonLowMass4/crab_muMuGamma_24Jul26_ParkingDoubleMuonLowMass4Run2025C-PromptReco-v2/260727_192153/0000/mmgTree_163.root
   LFN: /store/user/charlesf/ParkingDoubleMuonLowMass4/crab_muMuGamma_24Jul26_ParkingDoubleMuonLowMass4Run2025C-PromptReco-v2/260727_192153/0000/mmgTree_163.root
=== Files from job 164:
1) PFN: root://cms-xrd-global.cern.ch//store/user/charlesf/ParkingDoubleMuonLowMass4/crab_muMuGamma_24Jul26_ParkingDoubleMuonLowMass4Run2025C-PromptReco-v2/260727_192153/0000/mmgTree_164.root
   LFN: /store/user/charlesf/ParkingDoubleMuonLowMass4/crab_muMuGamma_24Jul26_ParkingDoubleMuonLowMass4Run2025C-PromptReco-v2/260727_192153/0000/mmgTree_164.root
=== Files from job 165:
1) PFN: root://cms-xrd-global.cern.ch//store/user/charlesf/ParkingDoubleMuonLowMass4/crab_muMuGamma_24Jul26_ParkingDoubleMuonLowMass4Run2025C-PromptReco-v2/260727_192153/0000/mmgTree_165.root
   LFN: /store/user/charlesf/ParkingDoubleMuonLowMass4/crab_muMuGamma_24Jul26_ParkingDoubleMuonLowMass4Run2025C-PromptReco-v2/260727_192153/0000/mmgTree_165.root
=== Files from job 166:
1) PFN: root://cms-xrd-global.cern.ch//store/user/charlesf/ParkingDoubleMuonLowMass4/crab_muMuGamma_24Jul26_ParkingDoubleMuonLowMass4Run2025C-PromptReco-v2/260727_192153/0000/mmgTree_166.root
   LFN: /store/user/charlesf/ParkingDoubleMuonLowMass4/crab_muMuGamma_24Jul26_ParkingDoubleMuonLowMass4Run2025C-PromptReco-v2/260727_192153/0000/mmgTree_166.root
=== Files from job 167:
1) PFN: root://cms-xrd-global.cern.ch//store/user/charlesf/ParkingDoubleMuonLowMass4/crab_muMuGamma_24Jul26_ParkingDoubleMuonLowMass4Run2025C-PromptReco-v2/260727_192153/0000/mmgTree_167.root
   LFN: /store/user/charlesf/ParkingDoubleMuonLowMass4/crab_muMuGamma_24Jul26_ParkingDoubleMuonLowMass4Run2025C-PromptReco-v2/260727_192153/0000/mmgTree_167.root
=== Files from job 168:
1) PFN: root://cms-xrd-global.cern.ch//store/user/charlesf/ParkingDoubleMuonLowMass4/crab_muMuGamma_24Jul26_ParkingDoubleMuonLowMass4Run2025C-PromptReco-v2/260727_192153/0000/mmgTree_168.root
   LFN: /store/user/charlesf/ParkingDoubleMuonLowMass4/crab_muMuGamma_24Jul26_ParkingDoubleMuonLowMass4Run2025C-PromptReco-v2/260727_192153/0000/mmgTree_168.root
=== Files from job 18:
1) PFN: root://cms-xrd-global.cern.ch//store/user/charlesf/ParkingDoubleMuonLowMass4/crab_muMuGamma_24Jul26_ParkingDoubleMuonLowMass4Run2025C-PromptReco-v2/260727_192153/0000/mmgTree_18.root
   LFN: /store/user/charlesf/ParkingDoubleMuonLowMass4/crab_muMuGamma_24Jul26_ParkingDoubleMuonLowMass4Run2025C-PromptReco-v2/260727_192153/0000/mmgTree_18.root
=== Files from job 19:
1) PFN: root://cms-xrd-global.cern.ch//store/user/charlesf/ParkingDoubleMuonLowMass4/crab_muMuGamma_24Jul26_ParkingDoubleMuonLowMass4Run2025C-PromptReco-v2/260727_192153/0000/mmgTree_19.root
   LFN: /store/user/charlesf/ParkingDoubleMuonLowMass4/crab_muMuGamma_24Jul26_ParkingDoubleMuonLowMass4Run2025C-PromptReco-v2/260727_192153/0000/mmgTree_19.root
=== Files from job 2:
1) PFN: root://cms-xrd-global.cern.ch//store/user/charlesf/ParkingDoubleMuonLowMass4/crab_muMuGamma_24Jul26_ParkingDoubleMuonLowMass4Run2025C-PromptReco-v2/260727_192153/0000/mmgTree_2.root
   LFN: /store/user/charlesf/ParkingDoubleMuonLowMass4/crab_muMuGamma_24Jul26_ParkingDoubleMuonLowMass4Run2025C-PromptReco-v2/260727_192153/0000/mmgTree_2.root
=== Files from job 2-1:
1) PFN: root://cms-xrd-global.cern.ch//store/user/charlesf/ParkingDoubleMuonLowMass4/crab_muMuGamma_24Jul26_ParkingDoubleMuonLowMass4Run2025C-PromptReco-v2/260727_192153/0000/mmgTree_2-1.root
   LFN: /store/user/charlesf/ParkingDoubleMuonLowMass4/crab_muMuGamma_24Jul26_ParkingDoubleMuonLowMass4Run2025C-PromptReco-v2/260727_192153/0000/mmgTree_2-1.root
=== Files from job 2-10:
1) PFN: root://cms-xrd-global.cern.ch//store/user/charlesf/ParkingDoubleMuonLowMass4/crab_muMuGamma_24Jul26_ParkingDoubleMuonLowMass4Run2025C-PromptReco-v2/260727_192153/0000/mmgTree_2-10.root
   LFN: /store/user/charlesf/ParkingDoubleMuonLowMass4/crab_muMuGamma_24Jul26_ParkingDoubleMuonLowMass4Run2025C-PromptReco-v2/260727_192153/0000/mmgTree_2-10.root
=== Files from job 2-11:
1) PFN: root://cms-xrd-global.cern.ch//store/user/charlesf/ParkingDoubleMuonLowMass4/crab_muMuGamma_24Jul26_ParkingDoubleMuonLowMass4Run2025C-PromptReco-v2/260727_192153/0000/mmgTree_2-11.root
   LFN: /store/user/charlesf/ParkingDoubleMuonLowMass4/crab_muMuGamma_24Jul26_ParkingDoubleMuonLowMass4Run2025C-PromptReco-v2/260727_192153/0000/mmgTree_2-11.root
=== Files from job 2-12:
1) PFN: root://cms-xrd-global.cern.ch//store/user/charlesf/ParkingDoubleMuonLowMass4/crab_muMuGamma_24Jul26_ParkingDoubleMuonLowMass4Run2025C-PromptReco-v2/260727_192153/0000/mmgTree_2-12.root
   LFN: /store/user/charlesf/ParkingDoubleMuonLowMass4/crab_muMuGamma_24Jul26_ParkingDoubleMuonLowMass4Run2025C-PromptReco-v2/260727_192153/0000/mmgTree_2-12.root
=== Files from job 2-13:
1) PFN: root://cms-xrd-global.cern.ch//store/user/charlesf/ParkingDoubleMuonLowMass4/crab_muMuGamma_24Jul26_ParkingDoubleMuonLowMass4Run2025C-PromptReco-v2/260727_192153/0000/mmgTree_2-13.root
   LFN: /store/user/charlesf/ParkingDoubleMuonLowMass4/crab_muMuGamma_24Jul26_ParkingDoubleMuonLowMass4Run2025C-PromptReco-v2/260727_192153/0000/mmgTree_2-13.root
=== Files from job 2-14:
1) PFN: root://cms-xrd-global.cern.ch//store/user/charlesf/ParkingDoubleMuonLowMass4/crab_muMuGamma_24Jul26_ParkingDoubleMuonLowMass4Run2025C-PromptReco-v2/260727_192153/0000/mmgTree_2-14.root
   LFN: /store/user/charlesf/ParkingDoubleMuonLowMass4/crab_muMuGamma_24Jul26_ParkingDoubleMuonLowMass4Run2025C-PromptReco-v2/260727_192153/0000/mmgTree_2-14.root
=== Files from job 2-15:
1) PFN: root://cms-xrd-global.cern.ch//store/user/charlesf/ParkingDoubleMuonLowMass4/crab_muMuGamma_24Jul26_ParkingDoubleMuonLowMass4Run2025C-PromptReco-v2/260727_192153/0000/mmgTree_2-15.root
   LFN: /store/user/charlesf/ParkingDoubleMuonLowMass4/crab_muMuGamma_24Jul26_ParkingDoubleMuonLowMass4Run2025C-PromptReco-v2/260727_192153/0000/mmgTree_2-15.root
=== Files from job 2-16:
1) PFN: root://cms-xrd-global.cern.ch//store/user/charlesf/ParkingDoubleMuonLowMass4/crab_muMuGamma_24Jul26_ParkingDoubleMuonLowMass4Run2025C-PromptReco-v2/260727_192153/0000/mmgTree_2-16.root
   LFN: /store/user/charlesf/ParkingDoubleMuonLowMass4/crab_muMuGamma_24Jul26_ParkingDoubleMuonLowMass4Run2025C-PromptReco-v2/260727_192153/0000/mmgTree_2-16.root
=== Files from job 2-17:
1) PFN: root://cms-xrd-global.cern.ch//store/user/charlesf/ParkingDoubleMuonLowMass4/crab_muMuGamma_24Jul26_ParkingDoubleMuonLowMass4Run2025C-PromptReco-v2/260727_192153/0000/mmgTree_2-17.root
   LFN: /store/user/charlesf/ParkingDoubleMuonLowMass4/crab_muMuGamma_24Jul26_ParkingDoubleMuonLowMass4Run2025C-PromptReco-v2/260727_192153/0000/mmgTree_2-17.root
=== Files from job 2-18:
1) PFN: root://cms-xrd-global.cern.ch//store/user/charlesf/ParkingDoubleMuonLowMass4/crab_muMuGamma_24Jul26_ParkingDoubleMuonLowMass4Run2025C-PromptReco-v2/260727_192153/0000/mmgTree_2-18.root
   LFN: /store/user/charlesf/ParkingDoubleMuonLowMass4/crab_muMuGamma_24Jul26_ParkingDoubleMuonLowMass4Run2025C-PromptReco-v2/260727_192153/0000/mmgTree_2-18.root
=== Files from job 2-19:
1) PFN: root://cms-xrd-global.cern.ch//store/user/charlesf/ParkingDoubleMuonLowMass4/crab_muMuGamma_24Jul26_ParkingDoubleMuonLowMass4Run2025C-PromptReco-v2/260727_192153/0000/mmgTree_2-19.root
   LFN: /store/user/charlesf/ParkingDoubleMuonLowMass4/crab_muMuGamma_24Jul26_ParkingDoubleMuonLowMass4Run2025C-PromptReco-v2/260727_192153/0000/mmgTree_2-19.root
=== Files from job 2-2:
1) PFN: root://cms-xrd-global.cern.ch//store/user/charlesf/ParkingDoubleMuonLowMass4/crab_muMuGamma_24Jul26_ParkingDoubleMuonLowMass4Run2025C-PromptReco-v2/260727_192153/0000/mmgTree_2-2.root
   LFN: /store/user/charlesf/ParkingDoubleMuonLowMass4/crab_muMuGamma_24Jul26_ParkingDoubleMuonLowMass4Run2025C-PromptReco-v2/260727_192153/0000/mmgTree_2-2.root
=== Files from job 2-20:
1) PFN: root://cms-xrd-global.cern.ch//store/user/charlesf/ParkingDoubleMuonLowMass4/crab_muMuGamma_24Jul26_ParkingDoubleMuonLowMass4Run2025C-PromptReco-v2/260727_192153/0000/mmgTree_2-20.root
   LFN: /store/user/charlesf/ParkingDoubleMuonLowMass4/crab_muMuGamma_24Jul26_ParkingDoubleMuonLowMass4Run2025C-PromptReco-v2/260727_192153/0000/mmgTree_2-20.root
=== Files from job 2-21:
1) PFN: root://cms-xrd-global.cern.ch//store/user/charlesf/ParkingDoubleMuonLowMass4/crab_muMuGamma_24Jul26_ParkingDoubleMuonLowMass4Run2025C-PromptReco-v2/260727_192153/0000/mmgTree_2-21.root
   LFN: /store/user/charlesf/ParkingDoubleMuonLowMass4/crab_muMuGamma_24Jul26_ParkingDoubleMuonLowMass4Run2025C-PromptReco-v2/260727_192153/0000/mmgTree_2-21.root
=== Files from job 2-22:
1) PFN: root://cms-xrd-global.cern.ch//store/user/charlesf/ParkingDoubleMuonLowMass4/crab_muMuGamma_24Jul26_ParkingDoubleMuonLowMass4Run2025C-PromptReco-v2/260727_192153/0000/mmgTree_2-22.root
   LFN: /store/user/charlesf/ParkingDoubleMuonLowMass4/crab_muMuGamma_24Jul26_ParkingDoubleMuonLowMass4Run2025C-PromptReco-v2/260727_192153/0000/mmgTree_2-22.root
=== Files from job 2-23:
1) PFN: root://cms-xrd-global.cern.ch//store/user/charlesf/ParkingDoubleMuonLowMass4/crab_muMuGamma_24Jul26_ParkingDoubleMuonLowMass4Run2025C-PromptReco-v2/260727_192153/0000/mmgTree_2-23.root
   LFN: /store/user/charlesf/ParkingDoubleMuonLowMass4/crab_muMuGamma_24Jul26_ParkingDoubleMuonLowMass4Run2025C-PromptReco-v2/260727_192153/0000/mmgTree_2-23.root
=== Files from job 2-24:
1) PFN: root://cms-xrd-global.cern.ch//store/user/charlesf/ParkingDoubleMuonLowMass4/crab_muMuGamma_24Jul26_ParkingDoubleMuonLowMass4Run2025C-PromptReco-v2/260727_192153/0000/mmgTree_2-24.root
   LFN: /store/user/charlesf/ParkingDoubleMuonLowMass4/crab_muMuGamma_24Jul26_ParkingDoubleMuonLowMass4Run2025C-PromptReco-v2/260727_192153/0000/mmgTree_2-24.root
=== Files from job 2-25:
1) PFN: root://cms-xrd-global.cern.ch//store/user/charlesf/ParkingDoubleMuonLowMass4/crab_muMuGamma_24Jul26_ParkingDoubleMuonLowMass4Run2025C-PromptReco-v2/260727_192153/0000/mmgTree_2-25.root
   LFN: /store/user/charlesf/ParkingDoubleMuonLowMass4/crab_muMuGamma_24Jul26_ParkingDoubleMuonLowMass4Run2025C-PromptReco-v2/260727_192153/0000/mmgTree_2-25.root
=== Files from job 2-26:
1) PFN: root://cms-xrd-global.cern.ch//store/user/charlesf/ParkingDoubleMuonLowMass4/crab_muMuGamma_24Jul26_ParkingDoubleMuonLowMass4Run2025C-PromptReco-v2/260727_192153/0000/mmgTree_2-26.root
   LFN: /store/user/charlesf/ParkingDoubleMuonLowMass4/crab_muMuGamma_24Jul26_ParkingDoubleMuonLowMass4Run2025C-PromptReco-v2/260727_192153/0000/mmgTree_2-26.root
=== Files from job 2-27:
1) PFN: root://cms-xrd-global.cern.ch//store/user/charlesf/ParkingDoubleMuonLowMass4/crab_muMuGamma_24Jul26_ParkingDoubleMuonLowMass4Run2025C-PromptReco-v2/260727_192153/0000/mmgTree_2-27.root
   LFN: /store/user/charlesf/ParkingDoubleMuonLowMass4/crab_muMuGamma_24Jul26_ParkingDoubleMuonLowMass4Run2025C-PromptReco-v2/260727_192153/0000/mmgTree_2-27.root
=== Files from job 2-28:
1) PFN: root://cms-xrd-global.cern.ch//store/user/charlesf/ParkingDoubleMuonLowMass4/crab_muMuGamma_24Jul26_ParkingDoubleMuonLowMass4Run2025C-PromptReco-v2/260727_192153/0000/mmgTree_2-28.root
   LFN: /store/user/charlesf/ParkingDoubleMuonLowMass4/crab_muMuGamma_24Jul26_ParkingDoubleMuonLowMass4Run2025C-PromptReco-v2/260727_192153/0000/mmgTree_2-28.root
=== Files from job 2-29:
1) PFN: root://cms-xrd-global.cern.ch//store/user/charlesf/ParkingDoubleMuonLowMass4/crab_muMuGamma_24Jul26_ParkingDoubleMuonLowMass4Run2025C-PromptReco-v2/260727_192153/0000/mmgTree_2-29.root
   LFN: /store/user/charlesf/ParkingDoubleMuonLowMass4/crab_muMuGamma_24Jul26_ParkingDoubleMuonLowMass4Run2025C-PromptReco-v2/260727_192153/0000/mmgTree_2-29.root
=== Files from job 2-3:
1) PFN: root://cms-xrd-global.cern.ch//store/user/charlesf/ParkingDoubleMuonLowMass4/crab_muMuGamma_24Jul26_ParkingDoubleMuonLowMass4Run2025C-PromptReco-v2/260727_192153/0000/mmgTree_2-3.root
   LFN: /store/user/charlesf/ParkingDoubleMuonLowMass4/crab_muMuGamma_24Jul26_ParkingDoubleMuonLowMass4Run2025C-PromptReco-v2/260727_192153/0000/mmgTree_2-3.root
=== Files from job 2-30:
1) PFN: root://cms-xrd-global.cern.ch//store/user/charlesf/ParkingDoubleMuonLowMass4/crab_muMuGamma_24Jul26_ParkingDoubleMuonLowMass4Run2025C-PromptReco-v2/260727_192153/0000/mmgTree_2-30.root
   LFN: /store/user/charlesf/ParkingDoubleMuonLowMass4/crab_muMuGamma_24Jul26_ParkingDoubleMuonLowMass4Run2025C-PromptReco-v2/260727_192153/0000/mmgTree_2-30.root
=== Files from job 2-31:
1) PFN: root://cms-xrd-global.cern.ch//store/user/charlesf/ParkingDoubleMuonLowMass4/crab_muMuGamma_24Jul26_ParkingDoubleMuonLowMass4Run2025C-PromptReco-v2/260727_192153/0000/mmgTree_2-31.root
   LFN: /store/user/charlesf/ParkingDoubleMuonLowMass4/crab_muMuGamma_24Jul26_ParkingDoubleMuonLowMass4Run2025C-PromptReco-v2/260727_192153/0000/mmgTree_2-31.root
=== Files from job 2-32:
1) PFN: root://cms-xrd-global.cern.ch//store/user/charlesf/ParkingDoubleMuonLowMass4/crab_muMuGamma_24Jul26_ParkingDoubleMuonLowMass4Run2025C-PromptReco-v2/260727_192153/0000/mmgTree_2-32.root
   LFN: /store/user/charlesf/ParkingDoubleMuonLowMass4/crab_muMuGamma_24Jul26_ParkingDoubleMuonLowMass4Run2025C-PromptReco-v2/260727_192153/0000/mmgTree_2-32.root
=== Files from job 2-33:
1) PFN: root://cms-xrd-global.cern.ch//store/user/charlesf/ParkingDoubleMuonLowMass4/crab_muMuGamma_24Jul26_ParkingDoubleMuonLowMass4Run2025C-PromptReco-v2/260727_192153/0000/mmgTree_2-33.root
   LFN: /store/user/charlesf/ParkingDoubleMuonLowMass4/crab_muMuGamma_24Jul26_ParkingDoubleMuonLowMass4Run2025C-PromptReco-v2/260727_192153/0000/mmgTree_2-33.root
=== Files from job 2-34:
1) PFN: root://cms-xrd-global.cern.ch//store/user/charlesf/ParkingDoubleMuonLowMass4/crab_muMuGamma_24Jul26_ParkingDoubleMuonLowMass4Run2025C-PromptReco-v2/260727_192153/0000/mmgTree_2-34.root
   LFN: /store/user/charlesf/ParkingDoubleMuonLowMass4/crab_muMuGamma_24Jul26_ParkingDoubleMuonLowMass4Run2025C-PromptReco-v2/260727_192153/0000/mmgTree_2-34.root
=== Files from job 2-35:
1) PFN: root://cms-xrd-global.cern.ch//store/user/charlesf/ParkingDoubleMuonLowMass4/crab_muMuGamma_24Jul26_ParkingDoubleMuonLowMass4Run2025C-PromptReco-v2/260727_192153/0000/mmgTree_2-35.root
   LFN: /store/user/charlesf/ParkingDoubleMuonLowMass4/crab_muMuGamma_24Jul26_ParkingDoubleMuonLowMass4Run2025C-PromptReco-v2/260727_192153/0000/mmgTree_2-35.root
=== Files from job 2-36:
1) PFN: root://cms-xrd-global.cern.ch//store/user/charlesf/ParkingDoubleMuonLowMass4/crab_muMuGamma_24Jul26_ParkingDoubleMuonLowMass4Run2025C-PromptReco-v2/260727_192153/0000/mmgTree_2-36.root
   LFN: /store/user/charlesf/ParkingDoubleMuonLowMass4/crab_muMuGamma_24Jul26_ParkingDoubleMuonLowMass4Run2025C-PromptReco-v2/260727_192153/0000/mmgTree_2-36.root
=== Files from job 2-37:
1) PFN: root://cms-xrd-global.cern.ch//store/user/charlesf/ParkingDoubleMuonLowMass4/crab_muMuGamma_24Jul26_ParkingDoubleMuonLowMass4Run2025C-PromptReco-v2/260727_192153/0000/mmgTree_2-37.root
   LFN: /store/user/charlesf/ParkingDoubleMuonLowMass4/crab_muMuGamma_24Jul26_ParkingDoubleMuonLowMass4Run2025C-PromptReco-v2/260727_192153/0000/mmgTree_2-37.root
=== Files from job 2-38:
1) PFN: root://cms-xrd-global.cern.ch//store/user/charlesf/ParkingDoubleMuonLowMass4/crab_muMuGamma_24Jul26_ParkingDoubleMuonLowMass4Run2025C-PromptReco-v2/260727_192153/0000/mmgTree_2-38.root
   LFN: /store/user/charlesf/ParkingDoubleMuonLowMass4/crab_muMuGamma_24Jul26_ParkingDoubleMuonLowMass4Run2025C-PromptReco-v2/260727_192153/0000/mmgTree_2-38.root
=== Files from job 2-39:
1) PFN: root://cms-xrd-global.cern.ch//store/user/charlesf/ParkingDoubleMuonLowMass4/crab_muMuGamma_24Jul26_ParkingDoubleMuonLowMass4Run2025C-PromptReco-v2/260727_192153/0000/mmgTree_2-39.root
   LFN: /store/user/charlesf/ParkingDoubleMuonLowMass4/crab_muMuGamma_24Jul26_ParkingDoubleMuonLowMass4Run2025C-PromptReco-v2/260727_192153/0000/mmgTree_2-39.root
=== Files from job 2-4:
1) PFN: root://cms-xrd-global.cern.ch//store/user/charlesf/ParkingDoubleMuonLowMass4/crab_muMuGamma_24Jul26_ParkingDoubleMuonLowMass4Run2025C-PromptReco-v2/260727_192153/0000/mmgTree_2-4.root
   LFN: /store/user/charlesf/ParkingDoubleMuonLowMass4/crab_muMuGamma_24Jul26_ParkingDoubleMuonLowMass4Run2025C-PromptReco-v2/260727_192153/0000/mmgTree_2-4.root
=== Files from job 2-40:
1) PFN: root://cms-xrd-global.cern.ch//store/user/charlesf/ParkingDoubleMuonLowMass4/crab_muMuGamma_24Jul26_ParkingDoubleMuonLowMass4Run2025C-PromptReco-v2/260727_192153/0000/mmgTree_2-40.root
   LFN: /store/user/charlesf/ParkingDoubleMuonLowMass4/crab_muMuGamma_24Jul26_ParkingDoubleMuonLowMass4Run2025C-PromptReco-v2/260727_192153/0000/mmgTree_2-40.root
=== Files from job 2-41:
1) PFN: root://cms-xrd-global.cern.ch//store/user/charlesf/ParkingDoubleMuonLowMass4/crab_muMuGamma_24Jul26_ParkingDoubleMuonLowMass4Run2025C-PromptReco-v2/260727_192153/0000/mmgTree_2-41.root
   LFN: /store/user/charlesf/ParkingDoubleMuonLowMass4/crab_muMuGamma_24Jul26_ParkingDoubleMuonLowMass4Run2025C-PromptReco-v2/260727_192153/0000/mmgTree_2-41.root
=== Files from job 2-43:
1) PFN: root://cms-xrd-global.cern.ch//store/user/charlesf/ParkingDoubleMuonLowMass4/crab_muMuGamma_24Jul26_ParkingDoubleMuonLowMass4Run2025C-PromptReco-v2/260727_192153/0000/mmgTree_2-43.root
   LFN: /store/user/charlesf/ParkingDoubleMuonLowMass4/crab_muMuGamma_24Jul26_ParkingDoubleMuonLowMass4Run2025C-PromptReco-v2/260727_192153/0000/mmgTree_2-43.root
=== Files from job 2-44:
1) PFN: root://cms-xrd-global.cern.ch//store/user/charlesf/ParkingDoubleMuonLowMass4/crab_muMuGamma_24Jul26_ParkingDoubleMuonLowMass4Run2025C-PromptReco-v2/260727_192153/0000/mmgTree_2-44.root
   LFN: /store/user/charlesf/ParkingDoubleMuonLowMass4/crab_muMuGamma_24Jul26_ParkingDoubleMuonLowMass4Run2025C-PromptReco-v2/260727_192153/0000/mmgTree_2-44.root
=== Files from job 2-45:
1) PFN: root://cms-xrd-global.cern.ch//store/user/charlesf/ParkingDoubleMuonLowMass4/crab_muMuGamma_24Jul26_ParkingDoubleMuonLowMass4Run2025C-PromptReco-v2/260727_192153/0000/mmgTree_2-45.root
   LFN: /store/user/charlesf/ParkingDoubleMuonLowMass4/crab_muMuGamma_24Jul26_ParkingDoubleMuonLowMass4Run2025C-PromptReco-v2/260727_192153/0000/mmgTree_2-45.root
=== Files from job 2-46:
1) PFN: root://cms-xrd-global.cern.ch//store/user/charlesf/ParkingDoubleMuonLowMass4/crab_muMuGamma_24Jul26_ParkingDoubleMuonLowMass4Run2025C-PromptReco-v2/260727_192153/0000/mmgTree_2-46.root
   LFN: /store/user/charlesf/ParkingDoubleMuonLowMass4/crab_muMuGamma_24Jul26_ParkingDoubleMuonLowMass4Run2025C-PromptReco-v2/260727_192153/0000/mmgTree_2-46.root
=== Files from job 2-47:
1) PFN: root://cms-xrd-global.cern.ch//store/user/charlesf/ParkingDoubleMuonLowMass4/crab_muMuGamma_24Jul26_ParkingDoubleMuonLowMass4Run2025C-PromptReco-v2/260727_192153/0000/mmgTree_2-47.root
   LFN: /store/user/charlesf/ParkingDoubleMuonLowMass4/crab_muMuGamma_24Jul26_ParkingDoubleMuonLowMass4Run2025C-PromptReco-v2/260727_192153/0000/mmgTree_2-47.root
=== Files from job 2-48:
1) PFN: root://cms-xrd-global.cern.ch//store/user/charlesf/ParkingDoubleMuonLowMass4/crab_muMuGamma_24Jul26_ParkingDoubleMuonLowMass4Run2025C-PromptReco-v2/260727_192153/0000/mmgTree_2-48.root
   LFN: /store/user/charlesf/ParkingDoubleMuonLowMass4/crab_muMuGamma_24Jul26_ParkingDoubleMuonLowMass4Run2025C-PromptReco-v2/260727_192153/0000/mmgTree_2-48.root
=== Files from job 2-49:
1) PFN: root://cms-xrd-global.cern.ch//store/user/charlesf/ParkingDoubleMuonLowMass4/crab_muMuGamma_24Jul26_ParkingDoubleMuonLowMass4Run2025C-PromptReco-v2/260727_192153/0000/mmgTree_2-49.root
   LFN: /store/user/charlesf/ParkingDoubleMuonLowMass4/crab_muMuGamma_24Jul26_ParkingDoubleMuonLowMass4Run2025C-PromptReco-v2/260727_192153/0000/mmgTree_2-49.root
=== Files from job 2-5:
1) PFN: root://cms-xrd-global.cern.ch//store/user/charlesf/ParkingDoubleMuonLowMass4/crab_muMuGamma_24Jul26_ParkingDoubleMuonLowMass4Run2025C-PromptReco-v2/260727_192153/0000/mmgTree_2-5.root
   LFN: /store/user/charlesf/ParkingDoubleMuonLowMass4/crab_muMuGamma_24Jul26_ParkingDoubleMuonLowMass4Run2025C-PromptReco-v2/260727_192153/0000/mmgTree_2-5.root
=== Files from job 2-50:
1) PFN: root://cms-xrd-global.cern.ch//store/user/charlesf/ParkingDoubleMuonLowMass4/crab_muMuGamma_24Jul26_ParkingDoubleMuonLowMass4Run2025C-PromptReco-v2/260727_192153/0000/mmgTree_2-50.root
   LFN: /store/user/charlesf/ParkingDoubleMuonLowMass4/crab_muMuGamma_24Jul26_ParkingDoubleMuonLowMass4Run2025C-PromptReco-v2/260727_192153/0000/mmgTree_2-50.root
=== Files from job 2-51:
1) PFN: root://cms-xrd-global.cern.ch//store/user/charlesf/ParkingDoubleMuonLowMass4/crab_muMuGamma_24Jul26_ParkingDoubleMuonLowMass4Run2025C-PromptReco-v2/260727_192153/0000/mmgTree_2-51.root
   LFN: /store/user/charlesf/ParkingDoubleMuonLowMass4/crab_muMuGamma_24Jul26_ParkingDoubleMuonLowMass4Run2025C-PromptReco-v2/260727_192153/0000/mmgTree_2-51.root
=== Files from job 2-52:
1) PFN: root://cms-xrd-global.cern.ch//store/user/charlesf/ParkingDoubleMuonLowMass4/crab_muMuGamma_24Jul26_ParkingDoubleMuonLowMass4Run2025C-PromptReco-v2/260727_192153/0000/mmgTree_2-52.root
   LFN: /store/user/charlesf/ParkingDoubleMuonLowMass4/crab_muMuGamma_24Jul26_ParkingDoubleMuonLowMass4Run2025C-PromptReco-v2/260727_192153/0000/mmgTree_2-52.root
=== Files from job 2-53:
1) PFN: root://cms-xrd-global.cern.ch//store/user/charlesf/ParkingDoubleMuonLowMass4/crab_muMuGamma_24Jul26_ParkingDoubleMuonLowMass4Run2025C-PromptReco-v2/260727_192153/0000/mmgTree_2-53.root
   LFN: /store/user/charlesf/ParkingDoubleMuonLowMass4/crab_muMuGamma_24Jul26_ParkingDoubleMuonLowMass4Run2025C-PromptReco-v2/260727_192153/0000/mmgTree_2-53.root
=== Files from job 2-54:
1) PFN: root://cms-xrd-global.cern.ch//store/user/charlesf/ParkingDoubleMuonLowMass4/crab_muMuGamma_24Jul26_ParkingDoubleMuonLowMass4Run2025C-PromptReco-v2/260727_192153/0000/mmgTree_2-54.root
   LFN: /store/user/charlesf/ParkingDoubleMuonLowMass4/crab_muMuGamma_24Jul26_ParkingDoubleMuonLowMass4Run2025C-PromptReco-v2/260727_192153/0000/mmgTree_2-54.root
=== Files from job 2-55:
1) PFN: root://cms-xrd-global.cern.ch//store/user/charlesf/ParkingDoubleMuonLowMass4/crab_muMuGamma_24Jul26_ParkingDoubleMuonLowMass4Run2025C-PromptReco-v2/260727_192153/0000/mmgTree_2-55.root
   LFN: /store/user/charlesf/ParkingDoubleMuonLowMass4/crab_muMuGamma_24Jul26_ParkingDoubleMuonLowMass4Run2025C-PromptReco-v2/260727_192153/0000/mmgTree_2-55.root
=== Files from job 2-56:
1) PFN: root://cms-xrd-global.cern.ch//store/user/charlesf/ParkingDoubleMuonLowMass4/crab_muMuGamma_24Jul26_ParkingDoubleMuonLowMass4Run2025C-PromptReco-v2/260727_192153/0000/mmgTree_2-56.root
   LFN: /store/user/charlesf/ParkingDoubleMuonLowMass4/crab_muMuGamma_24Jul26_ParkingDoubleMuonLowMass4Run2025C-PromptReco-v2/260727_192153/0000/mmgTree_2-56.root
=== Files from job 2-6:
1) PFN: root://cms-xrd-global.cern.ch//store/user/charlesf/ParkingDoubleMuonLowMass4/crab_muMuGamma_24Jul26_ParkingDoubleMuonLowMass4Run2025C-PromptReco-v2/260727_192153/0000/mmgTree_2-6.root
   LFN: /store/user/charlesf/ParkingDoubleMuonLowMass4/crab_muMuGamma_24Jul26_ParkingDoubleMuonLowMass4Run2025C-PromptReco-v2/260727_192153/0000/mmgTree_2-6.root
=== Files from job 2-7:
1) PFN: root://cms-xrd-global.cern.ch//store/user/charlesf/ParkingDoubleMuonLowMass4/crab_muMuGamma_24Jul26_ParkingDoubleMuonLowMass4Run2025C-PromptReco-v2/260727_192153/0000/mmgTree_2-7.root
   LFN: /store/user/charlesf/ParkingDoubleMuonLowMass4/crab_muMuGamma_24Jul26_ParkingDoubleMuonLowMass4Run2025C-PromptReco-v2/260727_192153/0000/mmgTree_2-7.root
=== Files from job 2-8:
1) PFN: root://cms-xrd-global.cern.ch//store/user/charlesf/ParkingDoubleMuonLowMass4/crab_muMuGamma_24Jul26_ParkingDoubleMuonLowMass4Run2025C-PromptReco-v2/260727_192153/0000/mmgTree_2-8.root
   LFN: /store/user/charlesf/ParkingDoubleMuonLowMass4/crab_muMuGamma_24Jul26_ParkingDoubleMuonLowMass4Run2025C-PromptReco-v2/260727_192153/0000/mmgTree_2-8.root
=== Files from job 2-9:
1) PFN: root://cms-xrd-global.cern.ch//store/user/charlesf/ParkingDoubleMuonLowMass4/crab_muMuGamma_24Jul26_ParkingDoubleMuonLowMass4Run2025C-PromptReco-v2/260727_192153/0000/mmgTree_2-9.root
   LFN: /store/user/charlesf/ParkingDoubleMuonLowMass4/crab_muMuGamma_24Jul26_ParkingDoubleMuonLowMass4Run2025C-PromptReco-v2/260727_192153/0000/mmgTree_2-9.root
=== Files from job 20:
1) PFN: root://cms-xrd-global.cern.ch//store/user/charlesf/ParkingDoubleMuonLowMass4/crab_muMuGamma_24Jul26_ParkingDoubleMuonLowMass4Run2025C-PromptReco-v2/260727_192153/0000/mmgTree_20.root
   LFN: /store/user/charlesf/ParkingDoubleMuonLowMass4/crab_muMuGamma_24Jul26_ParkingDoubleMuonLowMass4Run2025C-PromptReco-v2/260727_192153/0000/mmgTree_20.root
=== Files from job 21:
1) PFN: root://cms-xrd-global.cern.ch//store/user/charlesf/ParkingDoubleMuonLowMass4/crab_muMuGamma_24Jul26_ParkingDoubleMuonLowMass4Run2025C-PromptReco-v2/260727_192153/0000/mmgTree_21.root
   LFN: /store/user/charlesf/ParkingDoubleMuonLowMass4/crab_muMuGamma_24Jul26_ParkingDoubleMuonLowMass4Run2025C-PromptReco-v2/260727_192153/0000/mmgTree_21.root
=== Files from job 22:
1) PFN: root://cms-xrd-global.cern.ch//store/user/charlesf/ParkingDoubleMuonLowMass4/crab_muMuGamma_24Jul26_ParkingDoubleMuonLowMass4Run2025C-PromptReco-v2/260727_192153/0000/mmgTree_22.root
   LFN: /store/user/charlesf/ParkingDoubleMuonLowMass4/crab_muMuGamma_24Jul26_ParkingDoubleMuonLowMass4Run2025C-PromptReco-v2/260727_192153/0000/mmgTree_22.root
=== Files from job 23:
1) PFN: root://cms-xrd-global.cern.ch//store/user/charlesf/ParkingDoubleMuonLowMass4/crab_muMuGamma_24Jul26_ParkingDoubleMuonLowMass4Run2025C-PromptReco-v2/260727_192153/0000/mmgTree_23.root
   LFN: /store/user/charlesf/ParkingDoubleMuonLowMass4/crab_muMuGamma_24Jul26_ParkingDoubleMuonLowMass4Run2025C-PromptReco-v2/260727_192153/0000/mmgTree_23.root
=== Files from job 24:
1) PFN: root://cms-xrd-global.cern.ch//store/user/charlesf/ParkingDoubleMuonLowMass4/crab_muMuGamma_24Jul26_ParkingDoubleMuonLowMass4Run2025C-PromptReco-v2/260727_192153/0000/mmgTree_24.root
   LFN: /store/user/charlesf/ParkingDoubleMuonLowMass4/crab_muMuGamma_24Jul26_ParkingDoubleMuonLowMass4Run2025C-PromptReco-v2/260727_192153/0000/mmgTree_24.root
=== Files from job 25:
1) PFN: root://cms-xrd-global.cern.ch//store/user/charlesf/ParkingDoubleMuonLowMass4/crab_muMuGamma_24Jul26_ParkingDoubleMuonLowMass4Run2025C-PromptReco-v2/260727_192153/0000/mmgTree_25.root
   LFN: /store/user/charlesf/ParkingDoubleMuonLowMass4/crab_muMuGamma_24Jul26_ParkingDoubleMuonLowMass4Run2025C-PromptReco-v2/260727_192153/0000/mmgTree_25.root
=== Files from job 27:
1) PFN: root://cms-xrd-global.cern.ch//store/user/charlesf/ParkingDoubleMuonLowMass4/crab_muMuGamma_24Jul26_ParkingDoubleMuonLowMass4Run2025C-PromptReco-v2/260727_192153/0000/mmgTree_27.root
   LFN: /store/user/charlesf/ParkingDoubleMuonLowMass4/crab_muMuGamma_24Jul26_ParkingDoubleMuonLowMass4Run2025C-PromptReco-v2/260727_192153/0000/mmgTree_27.root
=== Files from job 28:
1) PFN: root://cms-xrd-global.cern.ch//store/user/charlesf/ParkingDoubleMuonLowMass4/crab_muMuGamma_24Jul26_ParkingDoubleMuonLowMass4Run2025C-PromptReco-v2/260727_192153/0000/mmgTree_28.root
   LFN: /store/user/charlesf/ParkingDoubleMuonLowMass4/crab_muMuGamma_24Jul26_ParkingDoubleMuonLowMass4Run2025C-PromptReco-v2/260727_192153/0000/mmgTree_28.root
=== Files from job 29:
1) PFN: root://cms-xrd-global.cern.ch//store/user/charlesf/ParkingDoubleMuonLowMass4/crab_muMuGamma_24Jul26_ParkingDoubleMuonLowMass4Run2025C-PromptReco-v2/260727_192153/0000/mmgTree_29.root
   LFN: /store/user/charlesf/ParkingDoubleMuonLowMass4/crab_muMuGamma_24Jul26_ParkingDoubleMuonLowMass4Run2025C-PromptReco-v2/260727_192153/0000/mmgTree_29.root
=== Files from job 3:
1) PFN: root://cms-xrd-global.cern.ch//store/user/charlesf/ParkingDoubleMuonLowMass4/crab_muMuGamma_24Jul26_ParkingDoubleMuonLowMass4Run2025C-PromptReco-v2/260727_192153/0000/mmgTree_3.root
   LFN: /store/user/charlesf/ParkingDoubleMuonLowMass4/crab_muMuGamma_24Jul26_ParkingDoubleMuonLowMass4Run2025C-PromptReco-v2/260727_192153/0000/mmgTree_3.root
=== Files from job 3-1:
1) PFN: root://cms-xrd-global.cern.ch//store/user/charlesf/ParkingDoubleMuonLowMass4/crab_muMuGamma_24Jul26_ParkingDoubleMuonLowMass4Run2025C-PromptReco-v2/260727_192153/0000/mmgTree_3-1.root
   LFN: /store/user/charlesf/ParkingDoubleMuonLowMass4/crab_muMuGamma_24Jul26_ParkingDoubleMuonLowMass4Run2025C-PromptReco-v2/260727_192153/0000/mmgTree_3-1.root
=== Files from job 3-10:
1) PFN: root://cms-xrd-global.cern.ch//store/user/charlesf/ParkingDoubleMuonLowMass4/crab_muMuGamma_24Jul26_ParkingDoubleMuonLowMass4Run2025C-PromptReco-v2/260727_192153/0000/mmgTree_3-10.root
   LFN: /store/user/charlesf/ParkingDoubleMuonLowMass4/crab_muMuGamma_24Jul26_ParkingDoubleMuonLowMass4Run2025C-PromptReco-v2/260727_192153/0000/mmgTree_3-10.root
=== Files from job 3-11:
1) PFN: root://cms-xrd-global.cern.ch//store/user/charlesf/ParkingDoubleMuonLowMass4/crab_muMuGamma_24Jul26_ParkingDoubleMuonLowMass4Run2025C-PromptReco-v2/260727_192153/0000/mmgTree_3-11.root
   LFN: /store/user/charlesf/ParkingDoubleMuonLowMass4/crab_muMuGamma_24Jul26_ParkingDoubleMuonLowMass4Run2025C-PromptReco-v2/260727_192153/0000/mmgTree_3-11.root
=== Files from job 3-12:
1) PFN: root://cms-xrd-global.cern.ch//store/user/charlesf/ParkingDoubleMuonLowMass4/crab_muMuGamma_24Jul26_ParkingDoubleMuonLowMass4Run2025C-PromptReco-v2/260727_192153/0000/mmgTree_3-12.root
   LFN: /store/user/charlesf/ParkingDoubleMuonLowMass4/crab_muMuGamma_24Jul26_ParkingDoubleMuonLowMass4Run2025C-PromptReco-v2/260727_192153/0000/mmgTree_3-12.root
=== Files from job 3-13:
1) PFN: root://cms-xrd-global.cern.ch//store/user/charlesf/ParkingDoubleMuonLowMass4/crab_muMuGamma_24Jul26_ParkingDoubleMuonLowMass4Run2025C-PromptReco-v2/260727_192153/0000/mmgTree_3-13.root
   LFN: /store/user/charlesf/ParkingDoubleMuonLowMass4/crab_muMuGamma_24Jul26_ParkingDoubleMuonLowMass4Run2025C-PromptReco-v2/260727_192153/0000/mmgTree_3-13.root
=== Files from job 3-14:
1) PFN: root://cms-xrd-global.cern.ch//store/user/charlesf/ParkingDoubleMuonLowMass4/crab_muMuGamma_24Jul26_ParkingDoubleMuonLowMass4Run2025C-PromptReco-v2/260727_192153/0000/mmgTree_3-14.root
   LFN: /store/user/charlesf/ParkingDoubleMuonLowMass4/crab_muMuGamma_24Jul26_ParkingDoubleMuonLowMass4Run2025C-PromptReco-v2/260727_192153/0000/mmgTree_3-14.root
=== Files from job 3-15:
1) PFN: root://cms-xrd-global.cern.ch//store/user/charlesf/ParkingDoubleMuonLowMass4/crab_muMuGamma_24Jul26_ParkingDoubleMuonLowMass4Run2025C-PromptReco-v2/260727_192153/0000/mmgTree_3-15.root
   LFN: /store/user/charlesf/ParkingDoubleMuonLowMass4/crab_muMuGamma_24Jul26_ParkingDoubleMuonLowMass4Run2025C-PromptReco-v2/260727_192153/0000/mmgTree_3-15.root
=== Files from job 3-16:
1) PFN: root://cms-xrd-global.cern.ch//store/user/charlesf/ParkingDoubleMuonLowMass4/crab_muMuGamma_24Jul26_ParkingDoubleMuonLowMass4Run2025C-PromptReco-v2/260727_192153/0000/mmgTree_3-16.root
   LFN: /store/user/charlesf/ParkingDoubleMuonLowMass4/crab_muMuGamma_24Jul26_ParkingDoubleMuonLowMass4Run2025C-PromptReco-v2/260727_192153/0000/mmgTree_3-16.root
=== Files from job 3-17:
1) PFN: root://cms-xrd-global.cern.ch//store/user/charlesf/ParkingDoubleMuonLowMass4/crab_muMuGamma_24Jul26_ParkingDoubleMuonLowMass4Run2025C-PromptReco-v2/260727_192153/0000/mmgTree_3-17.root
   LFN: /store/user/charlesf/ParkingDoubleMuonLowMass4/crab_muMuGamma_24Jul26_ParkingDoubleMuonLowMass4Run2025C-PromptReco-v2/260727_192153/0000/mmgTree_3-17.root
=== Files from job 3-18:
1) PFN: root://cms-xrd-global.cern.ch//store/user/charlesf/ParkingDoubleMuonLowMass4/crab_muMuGamma_24Jul26_ParkingDoubleMuonLowMass4Run2025C-PromptReco-v2/260727_192153/0000/mmgTree_3-18.root
   LFN: /store/user/charlesf/ParkingDoubleMuonLowMass4/crab_muMuGamma_24Jul26_ParkingDoubleMuonLowMass4Run2025C-PromptReco-v2/260727_192153/0000/mmgTree_3-18.root
=== Files from job 3-19:
1) PFN: root://cms-xrd-global.cern.ch//store/user/charlesf/ParkingDoubleMuonLowMass4/crab_muMuGamma_24Jul26_ParkingDoubleMuonLowMass4Run2025C-PromptReco-v2/260727_192153/0000/mmgTree_3-19.root
   LFN: /store/user/charlesf/ParkingDoubleMuonLowMass4/crab_muMuGamma_24Jul26_ParkingDoubleMuonLowMass4Run2025C-PromptReco-v2/260727_192153/0000/mmgTree_3-19.root
=== Files from job 3-2:
1) PFN: root://cms-xrd-global.cern.ch//store/user/charlesf/ParkingDoubleMuonLowMass4/crab_muMuGamma_24Jul26_ParkingDoubleMuonLowMass4Run2025C-PromptReco-v2/260727_192153/0000/mmgTree_3-2.root
   LFN: /store/user/charlesf/ParkingDoubleMuonLowMass4/crab_muMuGamma_24Jul26_ParkingDoubleMuonLowMass4Run2025C-PromptReco-v2/260727_192153/0000/mmgTree_3-2.root
=== Files from job 3-20:
1) PFN: root://cms-xrd-global.cern.ch//store/user/charlesf/ParkingDoubleMuonLowMass4/crab_muMuGamma_24Jul26_ParkingDoubleMuonLowMass4Run2025C-PromptReco-v2/260727_192153/0000/mmgTree_3-20.root
   LFN: /store/user/charlesf/ParkingDoubleMuonLowMass4/crab_muMuGamma_24Jul26_ParkingDoubleMuonLowMass4Run2025C-PromptReco-v2/260727_192153/0000/mmgTree_3-20.root
=== Files from job 3-3:
1) PFN: root://cms-xrd-global.cern.ch//store/user/charlesf/ParkingDoubleMuonLowMass4/crab_muMuGamma_24Jul26_ParkingDoubleMuonLowMass4Run2025C-PromptReco-v2/260727_192153/0000/mmgTree_3-3.root
   LFN: /store/user/charlesf/ParkingDoubleMuonLowMass4/crab_muMuGamma_24Jul26_ParkingDoubleMuonLowMass4Run2025C-PromptReco-v2/260727_192153/0000/mmgTree_3-3.root
=== Files from job 3-4:
1) PFN: root://cms-xrd-global.cern.ch//store/user/charlesf/ParkingDoubleMuonLowMass4/crab_muMuGamma_24Jul26_ParkingDoubleMuonLowMass4Run2025C-PromptReco-v2/260727_192153/0000/mmgTree_3-4.root
   LFN: /store/user/charlesf/ParkingDoubleMuonLowMass4/crab_muMuGamma_24Jul26_ParkingDoubleMuonLowMass4Run2025C-PromptReco-v2/260727_192153/0000/mmgTree_3-4.root
=== Files from job 3-5:
1) PFN: root://cms-xrd-global.cern.ch//store/user/charlesf/ParkingDoubleMuonLowMass4/crab_muMuGamma_24Jul26_ParkingDoubleMuonLowMass4Run2025C-PromptReco-v2/260727_192153/0000/mmgTree_3-5.root
   LFN: /store/user/charlesf/ParkingDoubleMuonLowMass4/crab_muMuGamma_24Jul26_ParkingDoubleMuonLowMass4Run2025C-PromptReco-v2/260727_192153/0000/mmgTree_3-5.root
=== Files from job 3-6:
1) PFN: root://cms-xrd-global.cern.ch//store/user/charlesf/ParkingDoubleMuonLowMass4/crab_muMuGamma_24Jul26_ParkingDoubleMuonLowMass4Run2025C-PromptReco-v2/260727_192153/0000/mmgTree_3-6.root
   LFN: /store/user/charlesf/ParkingDoubleMuonLowMass4/crab_muMuGamma_24Jul26_ParkingDoubleMuonLowMass4Run2025C-PromptReco-v2/260727_192153/0000/mmgTree_3-6.root
=== Files from job 3-7:
1) PFN: root://cms-xrd-global.cern.ch//store/user/charlesf/ParkingDoubleMuonLowMass4/crab_muMuGamma_24Jul26_ParkingDoubleMuonLowMass4Run2025C-PromptReco-v2/260727_192153/0000/mmgTree_3-7.root
   LFN: /store/user/charlesf/ParkingDoubleMuonLowMass4/crab_muMuGamma_24Jul26_ParkingDoubleMuonLowMass4Run2025C-PromptReco-v2/260727_192153/0000/mmgTree_3-7.root
=== Files from job 3-8:
1) PFN: root://cms-xrd-global.cern.ch//store/user/charlesf/ParkingDoubleMuonLowMass4/crab_muMuGamma_24Jul26_ParkingDoubleMuonLowMass4Run2025C-PromptReco-v2/260727_192153/0000/mmgTree_3-8.root
   LFN: /store/user/charlesf/ParkingDoubleMuonLowMass4/crab_muMuGamma_24Jul26_ParkingDoubleMuonLowMass4Run2025C-PromptReco-v2/260727_192153/0000/mmgTree_3-8.root
=== Files from job 3-9:
1) PFN: root://cms-xrd-global.cern.ch//store/user/charlesf/ParkingDoubleMuonLowMass4/crab_muMuGamma_24Jul26_ParkingDoubleMuonLowMass4Run2025C-PromptReco-v2/260727_192153/0000/mmgTree_3-9.root
   LFN: /store/user/charlesf/ParkingDoubleMuonLowMass4/crab_muMuGamma_24Jul26_ParkingDoubleMuonLowMass4Run2025C-PromptReco-v2/260727_192153/0000/mmgTree_3-9.root
=== Files from job 30:
1) PFN: root://cms-xrd-global.cern.ch//store/user/charlesf/ParkingDoubleMuonLowMass4/crab_muMuGamma_24Jul26_ParkingDoubleMuonLowMass4Run2025C-PromptReco-v2/260727_192153/0000/mmgTree_30.root
   LFN: /store/user/charlesf/ParkingDoubleMuonLowMass4/crab_muMuGamma_24Jul26_ParkingDoubleMuonLowMass4Run2025C-PromptReco-v2/260727_192153/0000/mmgTree_30.root
=== Files from job 31:
1) PFN: root://cms-xrd-global.cern.ch//store/user/charlesf/ParkingDoubleMuonLowMass4/crab_muMuGamma_24Jul26_ParkingDoubleMuonLowMass4Run2025C-PromptReco-v2/260727_192153/0000/mmgTree_31.root
   LFN: /store/user/charlesf/ParkingDoubleMuonLowMass4/crab_muMuGamma_24Jul26_ParkingDoubleMuonLowMass4Run2025C-PromptReco-v2/260727_192153/0000/mmgTree_31.root
=== Files from job 32:
1) PFN: root://cms-xrd-global.cern.ch//store/user/charlesf/ParkingDoubleMuonLowMass4/crab_muMuGamma_24Jul26_ParkingDoubleMuonLowMass4Run2025C-PromptReco-v2/260727_192153/0000/mmgTree_32.root
   LFN: /store/user/charlesf/ParkingDoubleMuonLowMass4/crab_muMuGamma_24Jul26_ParkingDoubleMuonLowMass4Run2025C-PromptReco-v2/260727_192153/0000/mmgTree_32.root
=== Files from job 33:
1) PFN: root://cms-xrd-global.cern.ch//store/user/charlesf/ParkingDoubleMuonLowMass4/crab_muMuGamma_24Jul26_ParkingDoubleMuonLowMass4Run2025C-PromptReco-v2/260727_192153/0000/mmgTree_33.root
   LFN: /store/user/charlesf/ParkingDoubleMuonLowMass4/crab_muMuGamma_24Jul26_ParkingDoubleMuonLowMass4Run2025C-PromptReco-v2/260727_192153/0000/mmgTree_33.root
=== Files from job 35:
1) PFN: root://cms-xrd-global.cern.ch//store/user/charlesf/ParkingDoubleMuonLowMass4/crab_muMuGamma_24Jul26_ParkingDoubleMuonLowMass4Run2025C-PromptReco-v2/260727_192153/0000/mmgTree_35.root
   LFN: /store/user/charlesf/ParkingDoubleMuonLowMass4/crab_muMuGamma_24Jul26_ParkingDoubleMuonLowMass4Run2025C-PromptReco-v2/260727_192153/0000/mmgTree_35.root
=== Files from job 36:
1) PFN: root://cms-xrd-global.cern.ch//store/user/charlesf/ParkingDoubleMuonLowMass4/crab_muMuGamma_24Jul26_ParkingDoubleMuonLowMass4Run2025C-PromptReco-v2/260727_192153/0000/mmgTree_36.root
   LFN: /store/user/charlesf/ParkingDoubleMuonLowMass4/crab_muMuGamma_24Jul26_ParkingDoubleMuonLowMass4Run2025C-PromptReco-v2/260727_192153/0000/mmgTree_36.root
=== Files from job 37:
1) PFN: root://cms-xrd-global.cern.ch//store/user/charlesf/ParkingDoubleMuonLowMass4/crab_muMuGamma_24Jul26_ParkingDoubleMuonLowMass4Run2025C-PromptReco-v2/260727_192153/0000/mmgTree_37.root
   LFN: /store/user/charlesf/ParkingDoubleMuonLowMass4/crab_muMuGamma_24Jul26_ParkingDoubleMuonLowMass4Run2025C-PromptReco-v2/260727_192153/0000/mmgTree_37.root
=== Files from job 38:
1) PFN: root://cms-xrd-global.cern.ch//store/user/charlesf/ParkingDoubleMuonLowMass4/crab_muMuGamma_24Jul26_ParkingDoubleMuonLowMass4Run2025C-PromptReco-v2/260727_192153/0000/mmgTree_38.root
   LFN: /store/user/charlesf/ParkingDoubleMuonLowMass4/crab_muMuGamma_24Jul26_ParkingDoubleMuonLowMass4Run2025C-PromptReco-v2/260727_192153/0000/mmgTree_38.root
=== Files from job 39:
1) PFN: root://cms-xrd-global.cern.ch//store/user/charlesf/ParkingDoubleMuonLowMass4/crab_muMuGamma_24Jul26_ParkingDoubleMuonLowMass4Run2025C-PromptReco-v2/260727_192153/0000/mmgTree_39.root
   LFN: /store/user/charlesf/ParkingDoubleMuonLowMass4/crab_muMuGamma_24Jul26_ParkingDoubleMuonLowMass4Run2025C-PromptReco-v2/260727_192153/0000/mmgTree_39.root
=== Files from job 4:
1) PFN: root://cms-xrd-global.cern.ch//store/user/charlesf/ParkingDoubleMuonLowMass4/crab_muMuGamma_24Jul26_ParkingDoubleMuonLowMass4Run2025C-PromptReco-v2/260727_192153/0000/mmgTree_4.root
   LFN: /store/user/charlesf/ParkingDoubleMuonLowMass4/crab_muMuGamma_24Jul26_ParkingDoubleMuonLowMass4Run2025C-PromptReco-v2/260727_192153/0000/mmgTree_4.root
=== Files from job 40:
1) PFN: root://cms-xrd-global.cern.ch//store/user/charlesf/ParkingDoubleMuonLowMass4/crab_muMuGamma_24Jul26_ParkingDoubleMuonLowMass4Run2025C-PromptReco-v2/260727_192153/0000/mmgTree_40.root
   LFN: /store/user/charlesf/ParkingDoubleMuonLowMass4/crab_muMuGamma_24Jul26_ParkingDoubleMuonLowMass4Run2025C-PromptReco-v2/260727_192153/0000/mmgTree_40.root
=== Files from job 41:
1) PFN: root://cms-xrd-global.cern.ch//store/user/charlesf/ParkingDoubleMuonLowMass4/crab_muMuGamma_24Jul26_ParkingDoubleMuonLowMass4Run2025C-PromptReco-v2/260727_192153/0000/mmgTree_41.root
   LFN: /store/user/charlesf/ParkingDoubleMuonLowMass4/crab_muMuGamma_24Jul26_ParkingDoubleMuonLowMass4Run2025C-PromptReco-v2/260727_192153/0000/mmgTree_41.root
=== Files from job 42:
1) PFN: root://cms-xrd-global.cern.ch//store/user/charlesf/ParkingDoubleMuonLowMass4/crab_muMuGamma_24Jul26_ParkingDoubleMuonLowMass4Run2025C-PromptReco-v2/260727_192153/0000/mmgTree_42.root
   LFN: /store/user/charlesf/ParkingDoubleMuonLowMass4/crab_muMuGamma_24Jul26_ParkingDoubleMuonLowMass4Run2025C-PromptReco-v2/260727_192153/0000/mmgTree_42.root
=== Files from job 44:
1) PFN: root://cms-xrd-global.cern.ch//store/user/charlesf/ParkingDoubleMuonLowMass4/crab_muMuGamma_24Jul26_ParkingDoubleMuonLowMass4Run2025C-PromptReco-v2/260727_192153/0000/mmgTree_44.root
   LFN: /store/user/charlesf/ParkingDoubleMuonLowMass4/crab_muMuGamma_24Jul26_ParkingDoubleMuonLowMass4Run2025C-PromptReco-v2/260727_192153/0000/mmgTree_44.root
=== Files from job 45:
1) PFN: root://cms-xrd-global.cern.ch//store/user/charlesf/ParkingDoubleMuonLowMass4/crab_muMuGamma_24Jul26_ParkingDoubleMuonLowMass4Run2025C-PromptReco-v2/260727_192153/0000/mmgTree_45.root
   LFN: /store/user/charlesf/ParkingDoubleMuonLowMass4/crab_muMuGamma_24Jul26_ParkingDoubleMuonLowMass4Run2025C-PromptReco-v2/260727_192153/0000/mmgTree_45.root
=== Files from job 48:
1) PFN: root://cms-xrd-global.cern.ch//store/user/charlesf/ParkingDoubleMuonLowMass4/crab_muMuGamma_24Jul26_ParkingDoubleMuonLowMass4Run2025C-PromptReco-v2/260727_192153/0000/mmgTree_48.root
   LFN: /store/user/charlesf/ParkingDoubleMuonLowMass4/crab_muMuGamma_24Jul26_ParkingDoubleMuonLowMass4Run2025C-PromptReco-v2/260727_192153/0000/mmgTree_48.root
=== Files from job 49:
1) PFN: root://cms-xrd-global.cern.ch//store/user/charlesf/ParkingDoubleMuonLowMass4/crab_muMuGamma_24Jul26_ParkingDoubleMuonLowMass4Run2025C-PromptReco-v2/260727_192153/0000/mmgTree_49.root
   LFN: /store/user/charlesf/ParkingDoubleMuonLowMass4/crab_muMuGamma_24Jul26_ParkingDoubleMuonLowMass4Run2025C-PromptReco-v2/260727_192153/0000/mmgTree_49.root
=== Files from job 5:
1) PFN: root://cms-xrd-global.cern.ch//store/user/charlesf/ParkingDoubleMuonLowMass4/crab_muMuGamma_24Jul26_ParkingDoubleMuonLowMass4Run2025C-PromptReco-v2/260727_192153/0000/mmgTree_5.root
   LFN: /store/user/charlesf/ParkingDoubleMuonLowMass4/crab_muMuGamma_24Jul26_ParkingDoubleMuonLowMass4Run2025C-PromptReco-v2/260727_192153/0000/mmgTree_5.root
=== Files from job 50:
1) PFN: root://cms-xrd-global.cern.ch//store/user/charlesf/ParkingDoubleMuonLowMass4/crab_muMuGamma_24Jul26_ParkingDoubleMuonLowMass4Run2025C-PromptReco-v2/260727_192153/0000/mmgTree_50.root
   LFN: /store/user/charlesf/ParkingDoubleMuonLowMass4/crab_muMuGamma_24Jul26_ParkingDoubleMuonLowMass4Run2025C-PromptReco-v2/260727_192153/0000/mmgTree_50.root
=== Files from job 51:
1) PFN: root://cms-xrd-global.cern.ch//store/user/charlesf/ParkingDoubleMuonLowMass4/crab_muMuGamma_24Jul26_ParkingDoubleMuonLowMass4Run2025C-PromptReco-v2/260727_192153/0000/mmgTree_51.root
   LFN: /store/user/charlesf/ParkingDoubleMuonLowMass4/crab_muMuGamma_24Jul26_ParkingDoubleMuonLowMass4Run2025C-PromptReco-v2/260727_192153/0000/mmgTree_51.root
=== Files from job 52:
1) PFN: root://cms-xrd-global.cern.ch//store/user/charlesf/ParkingDoubleMuonLowMass4/crab_muMuGamma_24Jul26_ParkingDoubleMuonLowMass4Run2025C-PromptReco-v2/260727_192153/0000/mmgTree_52.root
   LFN: /store/user/charlesf/ParkingDoubleMuonLowMass4/crab_muMuGamma_24Jul26_ParkingDoubleMuonLowMass4Run2025C-PromptReco-v2/260727_192153/0000/mmgTree_52.root
=== Files from job 53:
1) PFN: root://cms-xrd-global.cern.ch//store/user/charlesf/ParkingDoubleMuonLowMass4/crab_muMuGamma_24Jul26_ParkingDoubleMuonLowMass4Run2025C-PromptReco-v2/260727_192153/0000/mmgTree_53.root
   LFN: /store/user/charlesf/ParkingDoubleMuonLowMass4/crab_muMuGamma_24Jul26_ParkingDoubleMuonLowMass4Run2025C-PromptReco-v2/260727_192153/0000/mmgTree_53.root
=== Files from job 54:
1) PFN: root://cms-xrd-global.cern.ch//store/user/charlesf/ParkingDoubleMuonLowMass4/crab_muMuGamma_24Jul26_ParkingDoubleMuonLowMass4Run2025C-PromptReco-v2/260727_192153/0000/mmgTree_54.root
   LFN: /store/user/charlesf/ParkingDoubleMuonLowMass4/crab_muMuGamma_24Jul26_ParkingDoubleMuonLowMass4Run2025C-PromptReco-v2/260727_192153/0000/mmgTree_54.root
=== Files from job 56:
1) PFN: root://cms-xrd-global.cern.ch//store/user/charlesf/ParkingDoubleMuonLowMass4/crab_muMuGamma_24Jul26_ParkingDoubleMuonLowMass4Run2025C-PromptReco-v2/260727_192153/0000/mmgTree_56.root
   LFN: /store/user/charlesf/ParkingDoubleMuonLowMass4/crab_muMuGamma_24Jul26_ParkingDoubleMuonLowMass4Run2025C-PromptReco-v2/260727_192153/0000/mmgTree_56.root
=== Files from job 57:
1) PFN: root://cms-xrd-global.cern.ch//store/user/charlesf/ParkingDoubleMuonLowMass4/crab_muMuGamma_24Jul26_ParkingDoubleMuonLowMass4Run2025C-PromptReco-v2/260727_192153/0000/mmgTree_57.root
   LFN: /store/user/charlesf/ParkingDoubleMuonLowMass4/crab_muMuGamma_24Jul26_ParkingDoubleMuonLowMass4Run2025C-PromptReco-v2/260727_192153/0000/mmgTree_57.root
=== Files from job 58:
1) PFN: root://cms-xrd-global.cern.ch//store/user/charlesf/ParkingDoubleMuonLowMass4/crab_muMuGamma_24Jul26_ParkingDoubleMuonLowMass4Run2025C-PromptReco-v2/260727_192153/0000/mmgTree_58.root
   LFN: /store/user/charlesf/ParkingDoubleMuonLowMass4/crab_muMuGamma_24Jul26_ParkingDoubleMuonLowMass4Run2025C-PromptReco-v2/260727_192153/0000/mmgTree_58.root
=== Files from job 59:
1) PFN: root://cms-xrd-global.cern.ch//store/user/charlesf/ParkingDoubleMuonLowMass4/crab_muMuGamma_24Jul26_ParkingDoubleMuonLowMass4Run2025C-PromptReco-v2/260727_192153/0000/mmgTree_59.root
   LFN: /store/user/charlesf/ParkingDoubleMuonLowMass4/crab_muMuGamma_24Jul26_ParkingDoubleMuonLowMass4Run2025C-PromptReco-v2/260727_192153/0000/mmgTree_59.root
=== Files from job 6:
1) PFN: root://cms-xrd-global.cern.ch//store/user/charlesf/ParkingDoubleMuonLowMass4/crab_muMuGamma_24Jul26_ParkingDoubleMuonLowMass4Run2025C-PromptReco-v2/260727_192153/0000/mmgTree_6.root
   LFN: /store/user/charlesf/ParkingDoubleMuonLowMass4/crab_muMuGamma_24Jul26_ParkingDoubleMuonLowMass4Run2025C-PromptReco-v2/260727_192153/0000/mmgTree_6.root
=== Files from job 61:
1) PFN: root://cms-xrd-global.cern.ch//store/user/charlesf/ParkingDoubleMuonLowMass4/crab_muMuGamma_24Jul26_ParkingDoubleMuonLowMass4Run2025C-PromptReco-v2/260727_192153/0000/mmgTree_61.root
   LFN: /store/user/charlesf/ParkingDoubleMuonLowMass4/crab_muMuGamma_24Jul26_ParkingDoubleMuonLowMass4Run2025C-PromptReco-v2/260727_192153/0000/mmgTree_61.root
=== Files from job 62:
1) PFN: root://cms-xrd-global.cern.ch//store/user/charlesf/ParkingDoubleMuonLowMass4/crab_muMuGamma_24Jul26_ParkingDoubleMuonLowMass4Run2025C-PromptReco-v2/260727_192153/0000/mmgTree_62.root
   LFN: /store/user/charlesf/ParkingDoubleMuonLowMass4/crab_muMuGamma_24Jul26_ParkingDoubleMuonLowMass4Run2025C-PromptReco-v2/260727_192153/0000/mmgTree_62.root
=== Files from job 63:
1) PFN: root://cms-xrd-global.cern.ch//store/user/charlesf/ParkingDoubleMuonLowMass4/crab_muMuGamma_24Jul26_ParkingDoubleMuonLowMass4Run2025C-PromptReco-v2/260727_192153/0000/mmgTree_63.root
   LFN: /store/user/charlesf/ParkingDoubleMuonLowMass4/crab_muMuGamma_24Jul26_ParkingDoubleMuonLowMass4Run2025C-PromptReco-v2/260727_192153/0000/mmgTree_63.root
=== Files from job 64:
1) PFN: root://cms-xrd-global.cern.ch//store/user/charlesf/ParkingDoubleMuonLowMass4/crab_muMuGamma_24Jul26_ParkingDoubleMuonLowMass4Run2025C-PromptReco-v2/260727_192153/0000/mmgTree_64.root
   LFN: /store/user/charlesf/ParkingDoubleMuonLowMass4/crab_muMuGamma_24Jul26_ParkingDoubleMuonLowMass4Run2025C-PromptReco-v2/260727_192153/0000/mmgTree_64.root
=== Files from job 65:
1) PFN: root://cms-xrd-global.cern.ch//store/user/charlesf/ParkingDoubleMuonLowMass4/crab_muMuGamma_24Jul26_ParkingDoubleMuonLowMass4Run2025C-PromptReco-v2/260727_192153/0000/mmgTree_65.root
   LFN: /store/user/charlesf/ParkingDoubleMuonLowMass4/crab_muMuGamma_24Jul26_ParkingDoubleMuonLowMass4Run2025C-PromptReco-v2/260727_192153/0000/mmgTree_65.root
=== Files from job 66:
1) PFN: root://cms-xrd-global.cern.ch//store/user/charlesf/ParkingDoubleMuonLowMass4/crab_muMuGamma_24Jul26_ParkingDoubleMuonLowMass4Run2025C-PromptReco-v2/260727_192153/0000/mmgTree_66.root
   LFN: /store/user/charlesf/ParkingDoubleMuonLowMass4/crab_muMuGamma_24Jul26_ParkingDoubleMuonLowMass4Run2025C-PromptReco-v2/260727_192153/0000/mmgTree_66.root
=== Files from job 67:
1) PFN: root://cms-xrd-global.cern.ch//store/user/charlesf/ParkingDoubleMuonLowMass4/crab_muMuGamma_24Jul26_ParkingDoubleMuonLowMass4Run2025C-PromptReco-v2/260727_192153/0000/mmgTree_67.root
   LFN: /store/user/charlesf/ParkingDoubleMuonLowMass4/crab_muMuGamma_24Jul26_ParkingDoubleMuonLowMass4Run2025C-PromptReco-v2/260727_192153/0000/mmgTree_67.root
=== Files from job 68:
1) PFN: root://cms-xrd-global.cern.ch//store/user/charlesf/ParkingDoubleMuonLowMass4/crab_muMuGamma_24Jul26_ParkingDoubleMuonLowMass4Run2025C-PromptReco-v2/260727_192153/0000/mmgTree_68.root
   LFN: /store/user/charlesf/ParkingDoubleMuonLowMass4/crab_muMuGamma_24Jul26_ParkingDoubleMuonLowMass4Run2025C-PromptReco-v2/260727_192153/0000/mmgTree_68.root
=== Files from job 7:
1) PFN: root://cms-xrd-global.cern.ch//store/user/charlesf/ParkingDoubleMuonLowMass4/crab_muMuGamma_24Jul26_ParkingDoubleMuonLowMass4Run2025C-PromptReco-v2/260727_192153/0000/mmgTree_7.root
   LFN: /store/user/charlesf/ParkingDoubleMuonLowMass4/crab_muMuGamma_24Jul26_ParkingDoubleMuonLowMass4Run2025C-PromptReco-v2/260727_192153/0000/mmgTree_7.root
=== Files from job 70:
1) PFN: root://cms-xrd-global.cern.ch//store/user/charlesf/ParkingDoubleMuonLowMass4/crab_muMuGamma_24Jul26_ParkingDoubleMuonLowMass4Run2025C-PromptReco-v2/260727_192153/0000/mmgTree_70.root
   LFN: /store/user/charlesf/ParkingDoubleMuonLowMass4/crab_muMuGamma_24Jul26_ParkingDoubleMuonLowMass4Run2025C-PromptReco-v2/260727_192153/0000/mmgTree_70.root
=== Files from job 71:
1) PFN: root://cms-xrd-global.cern.ch//store/user/charlesf/ParkingDoubleMuonLowMass4/crab_muMuGamma_24Jul26_ParkingDoubleMuonLowMass4Run2025C-PromptReco-v2/260727_192153/0000/mmgTree_71.root
   LFN: /store/user/charlesf/ParkingDoubleMuonLowMass4/crab_muMuGamma_24Jul26_ParkingDoubleMuonLowMass4Run2025C-PromptReco-v2/260727_192153/0000/mmgTree_71.root
=== Files from job 72:
1) PFN: root://cms-xrd-global.cern.ch//store/user/charlesf/ParkingDoubleMuonLowMass4/crab_muMuGamma_24Jul26_ParkingDoubleMuonLowMass4Run2025C-PromptReco-v2/260727_192153/0000/mmgTree_72.root
   LFN: /store/user/charlesf/ParkingDoubleMuonLowMass4/crab_muMuGamma_24Jul26_ParkingDoubleMuonLowMass4Run2025C-PromptReco-v2/260727_192153/0000/mmgTree_72.root
=== Files from job 73:
1) PFN: root://cms-xrd-global.cern.ch//store/user/charlesf/ParkingDoubleMuonLowMass4/crab_muMuGamma_24Jul26_ParkingDoubleMuonLowMass4Run2025C-PromptReco-v2/260727_192153/0000/mmgTree_73.root
   LFN: /store/user/charlesf/ParkingDoubleMuonLowMass4/crab_muMuGamma_24Jul26_ParkingDoubleMuonLowMass4Run2025C-PromptReco-v2/260727_192153/0000/mmgTree_73.root
=== Files from job 74:
1) PFN: root://cms-xrd-global.cern.ch//store/user/charlesf/ParkingDoubleMuonLowMass4/crab_muMuGamma_24Jul26_ParkingDoubleMuonLowMass4Run2025C-PromptReco-v2/260727_192153/0000/mmgTree_74.root
   LFN: /store/user/charlesf/ParkingDoubleMuonLowMass4/crab_muMuGamma_24Jul26_ParkingDoubleMuonLowMass4Run2025C-PromptReco-v2/260727_192153/0000/mmgTree_74.root
=== Files from job 75:
1) PFN: root://cms-xrd-global.cern.ch//store/user/charlesf/ParkingDoubleMuonLowMass4/crab_muMuGamma_24Jul26_ParkingDoubleMuonLowMass4Run2025C-PromptReco-v2/260727_192153/0000/mmgTree_75.root
   LFN: /store/user/charlesf/ParkingDoubleMuonLowMass4/crab_muMuGamma_24Jul26_ParkingDoubleMuonLowMass4Run2025C-PromptReco-v2/260727_192153/0000/mmgTree_75.root
=== Files from job 77:
1) PFN: root://cms-xrd-global.cern.ch//store/user/charlesf/ParkingDoubleMuonLowMass4/crab_muMuGamma_24Jul26_ParkingDoubleMuonLowMass4Run2025C-PromptReco-v2/260727_192153/0000/mmgTree_77.root
   LFN: /store/user/charlesf/ParkingDoubleMuonLowMass4/crab_muMuGamma_24Jul26_ParkingDoubleMuonLowMass4Run2025C-PromptReco-v2/260727_192153/0000/mmgTree_77.root
=== Files from job 78:
1) PFN: root://cms-xrd-global.cern.ch//store/user/charlesf/ParkingDoubleMuonLowMass4/crab_muMuGamma_24Jul26_ParkingDoubleMuonLowMass4Run2025C-PromptReco-v2/260727_192153/0000/mmgTree_78.root
   LFN: /store/user/charlesf/ParkingDoubleMuonLowMass4/crab_muMuGamma_24Jul26_ParkingDoubleMuonLowMass4Run2025C-PromptReco-v2/260727_192153/0000/mmgTree_78.root
=== Files from job 8:
1) PFN: root://cms-xrd-global.cern.ch//store/user/charlesf/ParkingDoubleMuonLowMass4/crab_muMuGamma_24Jul26_ParkingDoubleMuonLowMass4Run2025C-PromptReco-v2/260727_192153/0000/mmgTree_8.root
   LFN: /store/user/charlesf/ParkingDoubleMuonLowMass4/crab_muMuGamma_24Jul26_ParkingDoubleMuonLowMass4Run2025C-PromptReco-v2/260727_192153/0000/mmgTree_8.root
=== Files from job 80:
1) PFN: root://cms-xrd-global.cern.ch//store/user/charlesf/ParkingDoubleMuonLowMass4/crab_muMuGamma_24Jul26_ParkingDoubleMuonLowMass4Run2025C-PromptReco-v2/260727_192153/0000/mmgTree_80.root
   LFN: /store/user/charlesf/ParkingDoubleMuonLowMass4/crab_muMuGamma_24Jul26_ParkingDoubleMuonLowMass4Run2025C-PromptReco-v2/260727_192153/0000/mmgTree_80.root
=== Files from job 81:
1) PFN: root://cms-xrd-global.cern.ch//store/user/charlesf/ParkingDoubleMuonLowMass4/crab_muMuGamma_24Jul26_ParkingDoubleMuonLowMass4Run2025C-PromptReco-v2/260727_192153/0000/mmgTree_81.root
   LFN: /store/user/charlesf/ParkingDoubleMuonLowMass4/crab_muMuGamma_24Jul26_ParkingDoubleMuonLowMass4Run2025C-PromptReco-v2/260727_192153/0000/mmgTree_81.root
=== Files from job 82:
1) PFN: root://cms-xrd-global.cern.ch//store/user/charlesf/ParkingDoubleMuonLowMass4/crab_muMuGamma_24Jul26_ParkingDoubleMuonLowMass4Run2025C-PromptReco-v2/260727_192153/0000/mmgTree_82.root
   LFN: /store/user/charlesf/ParkingDoubleMuonLowMass4/crab_muMuGamma_24Jul26_ParkingDoubleMuonLowMass4Run2025C-PromptReco-v2/260727_192153/0000/mmgTree_82.root
=== Files from job 83:
1) PFN: root://cms-xrd-global.cern.ch//store/user/charlesf/ParkingDoubleMuonLowMass4/crab_muMuGamma_24Jul26_ParkingDoubleMuonLowMass4Run2025C-PromptReco-v2/260727_192153/0000/mmgTree_83.root
   LFN: /store/user/charlesf/ParkingDoubleMuonLowMass4/crab_muMuGamma_24Jul26_ParkingDoubleMuonLowMass4Run2025C-PromptReco-v2/260727_192153/0000/mmgTree_83.root
=== Files from job 84:
1) PFN: root://cms-xrd-global.cern.ch//store/user/charlesf/ParkingDoubleMuonLowMass4/crab_muMuGamma_24Jul26_ParkingDoubleMuonLowMass4Run2025C-PromptReco-v2/260727_192153/0000/mmgTree_84.root
   LFN: /store/user/charlesf/ParkingDoubleMuonLowMass4/crab_muMuGamma_24Jul26_ParkingDoubleMuonLowMass4Run2025C-PromptReco-v2/260727_192153/0000/mmgTree_84.root
=== Files from job 85:
1) PFN: root://cms-xrd-global.cern.ch//store/user/charlesf/ParkingDoubleMuonLowMass4/crab_muMuGamma_24Jul26_ParkingDoubleMuonLowMass4Run2025C-PromptReco-v2/260727_192153/0000/mmgTree_85.root
   LFN: /store/user/charlesf/ParkingDoubleMuonLowMass4/crab_muMuGamma_24Jul26_ParkingDoubleMuonLowMass4Run2025C-PromptReco-v2/260727_192153/0000/mmgTree_85.root
=== Files from job 86:
1) PFN: root://cms-xrd-global.cern.ch//store/user/charlesf/ParkingDoubleMuonLowMass4/crab_muMuGamma_24Jul26_ParkingDoubleMuonLowMass4Run2025C-PromptReco-v2/260727_192153/0000/mmgTree_86.root
   LFN: /store/user/charlesf/ParkingDoubleMuonLowMass4/crab_muMuGamma_24Jul26_ParkingDoubleMuonLowMass4Run2025C-PromptReco-v2/260727_192153/0000/mmgTree_86.root
=== Files from job 87:
1) PFN: root://cms-xrd-global.cern.ch//store/user/charlesf/ParkingDoubleMuonLowMass4/crab_muMuGamma_24Jul26_ParkingDoubleMuonLowMass4Run2025C-PromptReco-v2/260727_192153/0000/mmgTree_87.root
   LFN: /store/user/charlesf/ParkingDoubleMuonLowMass4/crab_muMuGamma_24Jul26_ParkingDoubleMuonLowMass4Run2025C-PromptReco-v2/260727_192153/0000/mmgTree_87.root
=== Files from job 88:
1) PFN: root://cms-xrd-global.cern.ch//store/user/charlesf/ParkingDoubleMuonLowMass4/crab_muMuGamma_24Jul26_ParkingDoubleMuonLowMass4Run2025C-PromptReco-v2/260727_192153/0000/mmgTree_88.root
   LFN: /store/user/charlesf/ParkingDoubleMuonLowMass4/crab_muMuGamma_24Jul26_ParkingDoubleMuonLowMass4Run2025C-PromptReco-v2/260727_192153/0000/mmgTree_88.root
=== Files from job 89:
1) PFN: root://cms-xrd-global.cern.ch//store/user/charlesf/ParkingDoubleMuonLowMass4/crab_muMuGamma_24Jul26_ParkingDoubleMuonLowMass4Run2025C-PromptReco-v2/260727_192153/0000/mmgTree_89.root
   LFN: /store/user/charlesf/ParkingDoubleMuonLowMass4/crab_muMuGamma_24Jul26_ParkingDoubleMuonLowMass4Run2025C-PromptReco-v2/260727_192153/0000/mmgTree_89.root
=== Files from job 9:
1) PFN: root://cms-xrd-global.cern.ch//store/user/charlesf/ParkingDoubleMuonLowMass4/crab_muMuGamma_24Jul26_ParkingDoubleMuonLowMass4Run2025C-PromptReco-v2/260727_192153/0000/mmgTree_9.root
   LFN: /store/user/charlesf/ParkingDoubleMuonLowMass4/crab_muMuGamma_24Jul26_ParkingDoubleMuonLowMass4Run2025C-PromptReco-v2/260727_192153/0000/mmgTree_9.root
=== Files from job 90:
1) PFN: root://cms-xrd-global.cern.ch//store/user/charlesf/ParkingDoubleMuonLowMass4/crab_muMuGamma_24Jul26_ParkingDoubleMuonLowMass4Run2025C-PromptReco-v2/260727_192153/0000/mmgTree_90.root
   LFN: /store/user/charlesf/ParkingDoubleMuonLowMass4/crab_muMuGamma_24Jul26_ParkingDoubleMuonLowMass4Run2025C-PromptReco-v2/260727_192153/0000/mmgTree_90.root
=== Files from job 91:
1) PFN: root://cms-xrd-global.cern.ch//store/user/charlesf/ParkingDoubleMuonLowMass4/crab_muMuGamma_24Jul26_ParkingDoubleMuonLowMass4Run2025C-PromptReco-v2/260727_192153/0000/mmgTree_91.root
   LFN: /store/user/charlesf/ParkingDoubleMuonLowMass4/crab_muMuGamma_24Jul26_ParkingDoubleMuonLowMass4Run2025C-PromptReco-v2/260727_192153/0000/mmgTree_91.root
=== Files from job 92:
1) PFN: root://cms-xrd-global.cern.ch//store/user/charlesf/ParkingDoubleMuonLowMass4/crab_muMuGamma_24Jul26_ParkingDoubleMuonLowMass4Run2025C-PromptReco-v2/260727_192153/0000/mmgTree_92.root
   LFN: /store/user/charlesf/ParkingDoubleMuonLowMass4/crab_muMuGamma_24Jul26_ParkingDoubleMuonLowMass4Run2025C-PromptReco-v2/260727_192153/0000/mmgTree_92.root
=== Files from job 93:
1) PFN: root://cms-xrd-global.cern.ch//store/user/charlesf/ParkingDoubleMuonLowMass4/crab_muMuGamma_24Jul26_ParkingDoubleMuonLowMass4Run2025C-PromptReco-v2/260727_192153/0000/mmgTree_93.root
   LFN: /store/user/charlesf/ParkingDoubleMuonLowMass4/crab_muMuGamma_24Jul26_ParkingDoubleMuonLowMass4Run2025C-PromptReco-v2/260727_192153/0000/mmgTree_93.root
=== Files from job 97:
1) PFN: root://cms-xrd-global.cern.ch//store/user/charlesf/ParkingDoubleMuonLowMass4/crab_muMuGamma_24Jul26_ParkingDoubleMuonLowMass4Run2025C-PromptReco-v2/260727_192153/0000/mmgTree_97.root
   LFN: /store/user/charlesf/ParkingDoubleMuonLowMass4/crab_muMuGamma_24Jul26_ParkingDoubleMuonLowMass4Run2025C-PromptReco-v2/260727_192153/0000/mmgTree_97.root
=== Files from job 98:
1) PFN: root://cms-xrd-global.cern.ch//store/user/charlesf/ParkingDoubleMuonLowMass4/crab_muMuGamma_24Jul26_ParkingDoubleMuonLowMass4Run2025C-PromptReco-v2/260727_192153/0000/mmgTree_98.root
   LFN: /store/user/charlesf/ParkingDoubleMuonLowMass4/crab_muMuGamma_24Jul26_ParkingDoubleMuonLowMass4Run2025C-PromptReco-v2/260727_192153/0000/mmgTree_98.root
=== Files from job 99:
1) PFN: root://cms-xrd-global.cern.ch//store/user/charlesf/ParkingDoubleMuonLowMass4/crab_muMuGamma_24Jul26_ParkingDoubleMuonLowMass4Run2025C-PromptReco-v2/260727_192153/0000/mmgTree_99.root
   LFN: /store/user/charlesf/ParkingDoubleMuonLowMass4/crab_muMuGamma_24Jul26_ParkingDoubleMuonLowMass4Run2025C-PromptReco-v2/260727_192153/0000/mmgTree_99.root
